doi,product,product titer,medium,carbon source,ph,temperature,oxygen level,vessel and feed mode,gene
10.1016.j.ymben.2015.07.006,"['2,3-butanediol', '2,3-butanediol (2,3-butanediol)', 'ethanol', 'ethanol (ethanol)', 'glycerol', 'glycerol (glycerol)']","['22.0 g/L', '72.9 g/L', '6.0 g/L', '3.4 g/L', '10.5 g/L', '0.07 g/L', '0.13 g/L', '0.41 g/g', '<0.4 g/L', '7.8 g/L', '8.6 g/L', '18.5 g/L', '13.3 g/L', '12.3 g/L', '6.6 g/L', '0.37 g/g', '11.3 g/L']","['SC-His', 'YPD10']",['glucose'],[''],['30°C'],"['', 'High aeration']","['', 'Conical tube', 'Flask fed-batch']","['ADH', 'ADH1', 'ADH2', 'ADH3', 'ADH4', 'ADH5', 'BDH1', 'CYC1', 'GPD1', 'GPD2', 'PDC', 'PFBA1', 'PTPI1', 'TDH3', 'TFBA1', 'TGPM1', 'TPYK1', 'TTPI1', 'adh1', 'alsD', 'alsS', 'gpd1', 'gpd2', 'nox', 'noxE']"
10.1007.s00253-011-3199-1,"['isoprene', 'isoprene (isoprene)']","['314 mg/L', '145 mg/L', '9 mg/L', '107 mg/L', '94 mg/L']",['M9'],['glucose'],['7.0'],['37°C'],['1.3 VVM'],"['5-L fermentor, fed-batch']","['dxr', 'dxs', 'ispS']"
10.1007.s00253-011-3725-1,"['taxadiene', 'taxadiene (taxadiene)']","['5.42 mg/g DCW', '7.23 mg/g DCW', '5.66 mg/g DCW']",['LB medium'],['Glycerol'],['7.60'],['22 °C'],['Not specified'],"['Culture tubes with pre-culture, 100 rpm agitation']","['GGPPS', 'TXS', 'dxr', 'dxs', 'folD', 'fumA', 'fumB', 'fumC', 'ggpps', 'idi', 'ispA', 'ispD', 'ispDF', 'ispE', 'ispF', 'ispG', 'ispH', 'mdh', 'pntA', 'ppk', 'purN', 'sthA', 'sucC', 'txs']"
10.1186.1475-2859-10-97,"['1,2-propanediol', '1,2-propanediol (1,2-propanediol)', '1-propanol', '1-propanol (1-propanol)', 'lactate', 'lactate (lactate)']","['0.11 g/L', '0.80 g/L', '0.25 g/L', '7 g/L', '0.8 g/L', '0.66 g/L', '0.1 g/L', '0.46 g/L', '0.44 g/L']",['low-phosphate media'],['glucose'],['6.8'],['30°C'],['anaerobic'],['Shake flask fermentation'],"['budC', 'dhaB12', 'gldA', 'gldABC', 'mgsA', 'pYY134', 'pYY167', 'pYY93', 'ppdABC', 'ydjG']"
10.1186.1475-2859-11-68,"['2,3-butanediol', '2,3-butanediol (2,3-butanediol)', 'acetate', 'ethanol', 'ethanol (ethanol)', 'glycerol']","['0.825 g/l', '0.47 g/l', '22- 71% higher level over wild-type strain', '0.046 g/g', '1.42 g·l-1', '0.041 g/g', '0.60 g/l', '0.04 g/l', '0.002 g/g', '0.0713 g·g-1', '1.64 g/l', '1.54 g·l-1', '0.093 g/g', '0.096 g/g', '1.42 g/l', '0.113 g/g', '1.54 g/l', '2.29 g/l', '1.67 g/l', '2.29 g·l-1', '6 - 8-fold increase over wild-type strain']",['SC medium'],['glucose'],[''],['30°C'],"['anaerobic', 'microaerobic']",['shake flask'],"['ADH', 'ADH1', 'ADH3', 'ADH4', 'ADH5', 'ALD6', 'BDH1', 'GAL1', 'GAL10', 'GDH1', 'GDH3', 'GPD1', 'GPD2', 'GTP cyclohydrolase', 'ILV2', 'MDH2', 'PDC1', 'PDH', 'PGK1', 'POS5', 'SFA1', 'TEF1', 'UTR1', 'adh1', 'adh1-4', 'alsS', 'budA', 'budC']"
10.1186.1754-6834-6-57,"['isoprenol', 'isoprenol (isoprenol)', 'mevalonate', 'mevalonate (mevalonate)', 'prenol', 'prenol (prenol)']","['0.12 g/g', '0.7 g/L', '1.7 g/L', '1.337 g/L', '1.23 g/L', '0.08 g/L', '0.12 g isopentenols/g glucose consumed', '0.2 g/L', '16.2 mg/L', '36.7 mg/L']",['Media 1'],['glucose'],['2.0'],['30°C'],['Aerobic'],['Shake flask'],"['BsNudF', 'DPP1', 'ERG12', 'ERG19', 'ERG8', 'EcNudF', 'HMG-CoA reductase', 'HMG-CoA synthase', 'IDI1', 'ISP2148', 'LPP1', 'MvaS', 'MvaSA110G', 'cdh', 'hisl', 'lpxH', 'mvaE', 'mvaS', 'nudC', 'phoA', 'phoE', 'ppa', 'yggV']"
10.1186.s12934-014-0104-5,"['acetate', 'acetate (acetate)', 'riboflavin', 'riboflavin (riboflavin)']","['0.2718 g/l', '4.0 g/L', '0.2005 g/l', '0.5852 g/l', '1.0361 g/l', '0.2291 g/l', '1.5 g/L', '0.0886 g/l', '0.5599 g/l', '1.507 g/l', '0.0593 g/g', '0.0505 g/l', '0.1803 g/l', '0.3948 g/l', '2.7028 g/l', '0.1375 g/g']","['LB medium', 'MS medium', 'optimized MS medium']",['glucose'],[''],"['31°C', '37°C', '60 h']",[''],[''],"['BDribA', 'BSribA', 'BSribB', 'BSribC', 'BSribD', 'BSribE', 'BSribH', 'acs', 'eda', 'edd', 'gnd', 'pgi', 'pgl', 'ribA', 'ribB', 'ribC', 'ribD', 'ribE', 'ribF', 'riboflavin operon', 'rrsA', 'tetA', 'zwf']"
10.1186.s12934-014-0135-y,"['isoprenol', 'isoprenol (isoprenol)', 'prenol', 'prenol (prenol)']","['30.0 mg/L', '26.7 mg/L', '2.2 mg/L', '35.2 mg/L', '23.7 mg/L', '16.2 mg/L', '2.6 mg/L']",['M9'],['glucose'],"['', '7.0']","['30 C', '34 C']","['', '20% air saturation']","['fermenter, batch', 'shaking flask, batch']","['dxs', 'eddp1', 'ispG', 'nudF', 'pgi', 'yhfR']"
10.1186.s12934-014-0160-x,"['β-carotene', 'β-carotene (β-carotene)']","['71.4 mg/l', '7.86 mg/l', '256.8 mg/l', '1.08 mg/l', '52.6 mg/l', '15.2 mg/l', '3.2 g/l', '122.4 mg/l', '2.24 mg/l', '5.2 mg/l']","['fermentation medium', 'initial fermentation medium', 'optimized fermentation medium']","['glucose', 'glycerol']","['', '7.0']","['30°C', '34°C', 'initial 37°C, 34°C after induction']","['', '20% saturation']","['Biostat B plus MO5L fermentor', 'shake-flask']","['DXS', 'ERG12', 'ERG19', 'ERG8', 'Erg12', 'Erg19', 'Erg8', 'FNI', 'GPPS2', 'IDI-1', 'IDI-2', 'IDI1', 'IspA', 'MVA upper pathway genes', 'crtB', 'crtE', 'crtI', 'crtY', 'dxs', 'dxs-1', 'fni', 'fni-1', 'idi1', 'mvaE', 'mvaE-mvaS-1', 'mvaS']"
10.1186.1475-2859-12-119,"['ethanol', 'ethanol (ethanol)', 'isobutanol', 'isobutanol (isobutanol)']","['0.011 g/g', '0.006 g/g', '83 mg/L', '138 mg/L', '159 mg/L', '230 mg/L', '23 mg/L', '0.007 g/g', '0.016 g/g', '0.42 ± 0.003 g/g glucose consumed', '117 mg/L', '22 mg/L', '1.62 ± 0.11 g/L', '1.61 ± 0.03 g/L', '71 mg/L', '1.61 g/L', '0.42 ± 0.01 g/g glucose consumed', '221 mg/L', '45 mg/L', '1.62 g/L', '139 mg/L', '0.012 g/g', '94 mg/L']",['SD'],"['Glucose', 'glucose']",[''],"['', '30°C']","['Semi-anaerobic', 'semi-anaerobic']","['', '5-mL culture', '50-mL semi-anaerobic', 'Batch fermentation']","['ADH6', 'Adh6p', 'ILV2', 'ILV2c', 'ILV3c', 'ILV5c', 'Ilv5p', 'LEU2', 'LPD1', 'MAE', 'MAE1', 'MDH', 'MDH2', 'Mdh2p', 'PDC1', 'PMsM', 'PYC', 'PYC2', 'Pyc2p', 'dld1', 'irc15', 'kivd', 'lat1', 'lpd1', 'mae1', 'pda1', 'pdb1', 'pdc5', 'pdc6', 'pyc1', 'pyc2', 'sMAE1', 'thi3']"
10.1186.1475-2859-13-21,"['SA', 'SA (Shikimic Acid)']","['0.25 mol/mol', '0.42 mol/mol', '0.26 g/L', '0.23 g/L', '0.86 mol/mol', '0.15 g/L', '1.70 g/L', '0.33 mol/mol', '1.34 g/L']",['LB'],['glucose'],['7.0'],['37°C'],['150 rpm'],['Shake flask'],"['aroB', 'aroE', 'aroF fbr', 'aroG', 'aroG fbr', 'aroGfbr', 'aroK', 'aroL', 'csrB', 'cysG', 'fbr', 'nadK', 'pntAB', 'pps', 'recA', 'sthA', 'tktA', 'yfjB']"
10.1186.s12934-015-0211-y,"['acetate', 'acetate (acetate)', 'arginine', 'arginine (arginine)', 'succinate', 'succinate (succinate)']","['3.03 g/L', '0.17 g arg/g glc', '5 g/L', '15.85 g/L', '14.56 g/L', '1.18 g arg/g DCW', '4 g/L', '11.64 g/L', '28 g/L', '0.50 g/g', '4-5 g/L']",['same as described above'],['glucose'],['7'],['32°C'],['controlled with pulses of air (at 10 vvm) to maintain DO level above 30%'],"['bioreactors (batch), supplemented with 0.4 g/L of antifoam']","['adiA', 'argA', 'argA214', 'argO', 'argP', 'argR', 'lysE', 'speC', 'speF']"
10.1016.j.biortech.2012.02.119,"['HFAs', 'HFAs (long chain hydroxyfatty acids)', 'hydroxydodecanoic acids (C12)', 'hydroxydodecanoic acids (C12) (hydroxydodecanoic acids (C12))', 'hydroxytetradecanoic acids (C14)', 'hydroxytetradecanoic acids (C14) (hydroxytetradecanoic acids (C14))']","['72.6 mg/l', '117.0 mg/l', '51.8 mg/l', '41.9 mg/L', '117.0 mg/L', '60.5 mg/l', '58.5 mg/L']","['LB medium', 'M9 medium']",['Glucose'],[''],['30°C'],['Oxygen-limited'],['Shake flask'],"[""'TesA"", 'BTE', 'LCR', 'P450BM3', 'TesA', 'YetO', 'fadD', 'tesA', 'yetO']"
10.1016.j.biortech.2015.06.108,"['succinate', 'succinate (succinate)']","['70 g/L', '0.81 g/g xylose', '0.8 g/g sugar', '85.46 g/L', '0.88 g/g glucose', '0.88 g/g sugar', '37.49 g/L', '84.26 g/L', '44.17 g/L']",['AM1'],"['Glucose', 'Sugar mixture', 'Xylose']",['7.0'],['37°C'],['150rpm'],"['500mL fermenter, 300mL working volume']","['galP', 'galP*', 'ptsI', 'sacB']"
10.1016.j.jbiosc.2014.12.023,"['1,3-PDO', '1,3-PDO (1,3-propanediol)', '3-HP', '3-HP (3-hydroxypropionic acid)', 'acetate', 'acetate (acetate)']","['54.1% (mol/mol)', '10.2 ± 0.472 mM', '31.8 mM', '33.1±0.920 mM', '2.16 ± 0.178 mM', '11.3 ± 0.533 mM', '56.1±0.736 mM', '32.8% (mol/mol)', '15.1% (mol/mol)', '15.6±0.683 mM']",['Modified M9'],['glycerol'],['6–7'],['37°C'],"['250rpm first 3h, 100rpm after IPTG addition']","['250mL baffled flask, linear shaker']","['araE', 'dhaB1', 'dhaB2', 'dhaB3', 'gdrA', 'gdrB', 'pduL', 'pduP', 'pduW']"
10.1016.j.ymben.2010.08.005,"['acetate', 'acetate (acetate)', 'succinate', 'succinate (succinic acid)']","['3.62 g/L', '0.8 g/L', '0.76 g/L', '2.98 g/L', '0.11 mol/mol glucose', '6.4 g/L', '5 g/L']",['defined minimal medium'],['glucose'],"['4.0-4.5', '5.8']",['30°C'],['high oxygen entry'],"['250ml shake flasks, batch mode']","['IDH1', 'IDP1', 'IDP2', 'IDP3', 'SDH1', 'SDH2', 'SDH3', 'idh1', 'sdh1', 'sdh2']"
10.1016.j.ymben.2012.06.001,"['DAG (Diacylglycerol)', 'GGL', 'GGL (glycoglycerolipids)']","['180 mg/l', '6 mg/g']",['defined medium'],['glucose'],['7.0'],['37°C'],"['', '20% min']","['bioreactor, batch', 'bioreactor, fed-batch']","['GalU', 'MG517', 'MG517 glycosyltransferase', 'PlsC', 'dgkA', 'galU', 'mg517', 'pgpB', 'plsB', 'plsC']"
10.1016.j.ymben.2012.08.003,"['mcl-PHA', 'mcl-PHA (medium-chain-length polyhydroxyalkanoate)', 'polyhydroxydodecanoate', 'polyhydroxydodecanoate (polyhydroxydodecanoate)']","['9.8% CDW', '17.3% CDW']",['MOPS'],['Glucose'],"['', '7.00±0.05']",['37°C'],"['Aerobic', '≥40% saturation']","['1L bioreactor, batch', 'Shake flask, batch']","['BTE', 'FadA', 'FadB', 'FadD', 'FadE', 'FadL', 'FadR', 'PP_0763', 'fadBA', 'fadD', 'fadE', 'fadI', 'fadIJ', 'fadJ', 'fadK', 'fadR', 'fadRABIJ', 'fadRB', 'fadRBJ', 'phaC', 'phaJ']"
10.1016.j.ymben.2012.08.009,"['fatty acids', 'fatty acids (fatty acids)']","['5.2 g/L', '0.7 g/L', '0.26 g/g', '0.8 g/L', '2 g/L', '1.1 g/L']","['LB medium', 'minimal medium']","['', '2% glucose']",[''],['37°C'],[''],[''],"['FadR', 'accA', 'accABCD', 'arcA', 'cpxP', 'fabA', 'fabB', 'fabF', 'fadBA', 'fadD', 'fadE', 'fadIJ', 'fadL', 'fadR', 'fumC', 'marR', 'mdtA', 'pspA', 'pspG', 'soxR', 'spy', 'tesA', 'vcfadR']"
10.1016.j.ymben.2012.10.003,"['PCA decarboxylase (protocatechuic acid decarboxylase)', 'glucose (glucose)', 'muconic acid', 'muconic acid (muconic acid)']","['77 mg/L', '21 mg/L', '62 mg/L', '141 mg/L', '30 mg/L', '25 mg/L', '5 mg/L', '14 mg/L', '3.9 mg/g glucose']","['YSC', 'YSC/YSM']",['Glucose'],[''],['30°C'],[''],['Shake flask'],"['ARO3', 'ARO4', 'ARO4k229l', 'AroY', 'AroZ', 'CatA', 'DEHA2C14806g', 'DEHA2F15906g', 'DEHA2G00682g', 'DHS', 'DHS dehydratase', 'ECL_01944', 'ECL_01944opt', 'FDC1', 'HQD2', 'PAD1', 'PCA decarboxylase', 'Pa_0_880', 'Pa_4_4540', 'Pa_5_5120', 'QutC', 'TKL1', 'ZWF1', 'aro4k229l', 'caHQD2opt', 'catechol 1,2-dioxygenase', 'dhDEHA2F15906g', 'kpAroYopt', 'pa5_5120opt']"
10.1016.j.ymben.2012.11.011,"['5AVA', '5AVA (5-aminovalerate)', 'glutarate']","['0.12 g/L', '0.27 g/L', '1.7 g/L', '3.6 g/L', '1.1 g/L', '0.5 g/L']","['LB', 'MR']","['glucose', 'glucose, l-lysine', 'l-lysine']",[''],"['30°C', '37°C']",[''],"['Batch culture', 'Fed-batch culture', 'Flask culture']","['dapA', 'dapB', 'dapC', 'dapD', 'dapE', 'dapF', 'davA', 'davB', 'ddh', 'gabD', 'gabT', 'lysA', 'lysC', 'metL', 'ppc', 'thrA']"
10.1016.j.ymben.2013.01.006,"['ethanol', 'ethanol (ethanol)']","['25 g/L', '15–20 g/L', '15 g/L', '24 h (up to about 80%)', '30 g/L']",['AMX media'],['glucose'],['≥6'],['37°C'],['shaking'],"['125mL Erlenmeyer flask, batch']","['FdnG', 'MrdA', 'UbiB', 'betA', 'betB', 'betI', 'dctR', 'dksA', 'fabA', 'gluQ', 'hdeA', 'hdeB', 'mutL', 'otsA', 'otsB', 'rlmH', 'sfsA', 'treA', 'truB', 'uspC', 'xylR', 'yhiD']"
10.1016.j.ymben.2013.06.001,"['L-tyrosine', 'L-tyrosine (L-tyrosine)', 'salvianic acid A', 'salvianic acid A (salvianic acid A)']","['18.29 mg/l', '197.18 mg/L', '702.7 mg/L', '10.2 mg/l', '55.86 mg/L', '37.24 mg/L', '2.5 g/L', '18.96 mg/L', '0.55 g of L-tyrosine per g of glucose', '0.47 mol/mol glucose', '136 mg/L', '0.22 mol/mol glucose', '45 mg/L', '18.85 mg/L', '259.27 mg/L', '7.1 g/L']","['MOPS minimal', 'MOPS-glucose', 'Modified MOPS']",['Glucose'],[''],['37 ℃'],"['', '220 rpm']","['', 'Fed-batch, 500 mL flask', 'Shake flask']","['D-LDH', 'D-LDHY52A', 'D-LDHY52V', 'HPPR', 'TyrB', 'aroA', 'aroB', 'aroE', 'aroG', 'aroGfbr', 'aroL', 'd-ldh', 'd-ldhWT', 'd-ldhY52A', 'd-ldhY52V', 'evgA', 'glk', 'hpaB', 'hpaBC', 'hpaC', 'module 1', 'module 2', 'module 3', 'module 4', 'pckA', 'pheA', 'ppsA', 'ptsG', 'pykA', 'pykF', 'tktA', 'tyrAfbr', 'tyrB', 'tyrR']"
10.1016.j.ymben.2013.07.003,"['fatty acid ethyl esters (FAEEs)', 'fatty acid ethyl esters (FAEEs) (fatty acid ethyl esters)', 'fatty alcohols', 'fatty alcohols (fatty alcohols)', 'free fatty acids', 'free fatty acids (free fatty acids)', 'lipids', 'total fatty acids', 'total fatty acids (total fatty acids)', 'triacylglycerol (TAG)']","['93.4mg/L', '5.4 mg/L', '1.2 mg/L', '70.6 mg/L', '42.7 mg/L', '164 mg/l', '56.5mg/L', '143.3 mg/L', '168.3 mg/L', '4.9 mg/L', '207 mg/l', '400 mg/l', '52 mg/l', '98.0mg/L', '1.3 mg/L', '47.4mg/L', '63.2 mg/L', '155.0 mg/L', '140.0 mg/L', '166.4 mg/L', '5 mg/l', '4.6 mg/L', '171.5 mg/L', '131.0 mg/L']","['Minimal medium', 'YPD', 'minimal']","['Glucose & Galactose', 'glucose', 'glucose/galactose']",[''],['30°C'],[''],"['250-mL flask cultures (shaken)', '250-mL flasks, shaken at 200rpm', 'Erlenmeyer flasks (200 rpm)']","[""'TesA"", 'ACC', 'ACC1', 'ADS', 'Cre recombinase', 'DGA1', 'Dga1', 'FAA1', 'FAA4', 'FAS', 'FAS1', 'FAS2', 'FOX3', 'FadE', 'LEU2', 'MaME', 'POX1', 'POX2', 'PXA1', 'PXA2', 'TAF10', 'TEF', 'TesA', 'URA3', 'acr1', 'atfA', 'fadD', 'mFAR1', 'malic enzyme']"
10.1016.j.ymben.2013.08.004,"['deoxyviolacein', 'deoxyviolacein (deoxyviolacein)', 'glycine', 'glycine (glycine)', 'serine', 'tryptophan', 'tryptophan (tryptophan)', 'violacein', 'violacein (violacein)']","['209.5 mg/l', '324.1 mg/l', '710 mg/l', '180 mg/l', '250.3 mg/l', '176.1 mg/l', '3 mg/l', '55 mg/L', '800 mg/L', '70 mg/l', '6 mg/l', '202.8 mg/l', '277.0 mg/l']","['mineral medium', 'production medium w/yeast extract']",['l-arabinose'],['7.8'],"['', '20°C']","['', '-', '>80% of saturation']","['DASGIP bioreactor, fed-batch', 'baffled shake flasks']","['aphA', 'aroFBL', 'fuc', 'gal', 'lac', 'lacIZYA', 'sdaA', 'serA', 'tktA', 'tnaA', 'trpE', 'trpL', 'trpR', 'vioA', 'vioABCD', 'vioABCDE', 'vioB', 'vioC', 'vioD', 'vioE', 'xyl']"
10.1016.j.ymben.2013.12.004,"['fatty alcohols', 'fatty alcohols (fatty alcohols)', 'hexadecanol', 'hexadecanol (hexadecanol)']","['0.75 g/L', '0.4 g/L', '0.02 g/g', '0.007 g/g']",['M9'],['glycerol'],[''],['30°C'],[''],"['5-L fermentor, fed-batch']","['1-acylglycerol-3-phosphate acyltransferase', 'AAR', 'ACP', 'AD', 'AccC', 'Acr1', 'AdhE', 'AdhP', 'DPW', 'FAR', 'FabA', 'FabB', 'FabD', 'FabF', 'FabG', 'FabH', 'FabI', 'FabR', 'FabZ', 'FadA', 'FadD', 'FadH', 'FadI', 'FadR', 'Glycerol-3-phosphate acyltransferase', 'TesA', 'YqhD', 'aar', 'accA', 'accB', 'accC', 'accD', 'acetyl-CoA carboxylase', 'acr1', 'adhE', 'adhP', 'dpw', 'fadD', 'fadE', 'far', 'thioesterase', 'yqhD']"
10.1016.j.ymben.2014.01.003,"['FASEs', 'FASEs (Fatty acid short-chain esters)', 'isobutanol', 'isopentanol']","['10.5±0.13 mg/g', '17.1 mg/g', '56.4 mg/L', '209.1±2.62 mg/L', '1.8±0.30 mg/g', '84.8 mg/l', '3.6±0.06 mg/g', '103.7 mg/l', '61.5 mg/l', '72.7±1.11 mg/L', '36±6.54 mg/L', '1008 mg/L', '74.7 mg/L', '86.3 mg/L', '107.8±3.26 mg/L']",['Modified M9'],['Glycerol'],[''],['37°C'],[''],['Shake flask'],"['ADH2', 'ARO10', ""TesA'"", 'WS/DGAT', 'fadD', 'fadE']"
10.1007.s00253-007-1307-z,"['phenylalanine', 'phenylalanine (phenylalanine)']","['1.61 g/l', '1.67 g/l', '1.20 g/l', '1.84 g/l', '1.22 g/l', '2.39 g/l', '2.33 g/l', '1.27 g/l', '1.52 g/l', '1.41 g/l']",['LB'],['Glycerol+Glucose'],[''],['37°C'],['Aerobic'],['Shake flask'],"['AroF', 'PheA', 'TkTA', 'TktA', 'Zwf', 'aroF', 'aroF FR', 'aroG', 'csrA', 'csrB', 'csrD', 'pheA', 'pheA FR', 'pheO', 'tkaFpA', 'tktA', 'tktA+aroF FR+pheA FR', 'trpE', 'tyrA', 'tyrR', 'zwf']"
10.1007.s00253-009-2401-1,"['3MB', '3MB (3-methyl-1-butanol)']","['0.43 g/L', '0.04 g/g', '0.10 g/g', '0.08 g/g', '0.75 g/L', '1.5 g/L', '0.8 g/L', '2.8 g/L', '9.5 g/L', '0.11 g/g', '1.1 g/L', '4.4 g/L']",['M9'],['glucose'],"['', '7']",['30°C'],[''],"['Flask', 'Flask with oleyl alcohol']","['ADH2', 'alsS', 'ilvCD', 'kivd', 'leuA(G462D)', 'leuBCD']"
10.1007.s00253-012-4618-7,"['EG', 'EG (ethylene glycol)', 'glycolate', 'glycolate (glycolate)']","['0.07 g/g d-xylose', '0.29 g/g', '11.69 g/L']",['enriched medium'],['d-xylose'],['7.0'],['37°C'],['0.5 vvm'],"['5-L fermenter, batch feed']","['Xdh', 'XylA', 'YagE', 'YagF', 'YjhG', 'YjhH', 'YqhD', 'aldA', 'xylA', 'yagE', 'yagF', 'yjhG', 'yjhH']"
10.1007.s00253-014-6092-x,"['acetate', 'itaconate', 'itaconate (itaconate)', 'pyruvate', 'pyruvate (pyruvate)']","['1.9 mM', '30 mM', '55 mM', '0.09 mol/mol', '690 mg/L', '0.01 g/L']",['MM'],['glucose'],['6.9'],['30 °C'],['controlled'],"['bioreactor, batch']","['T7 polymerase', 'acnA', 'cadA', 'gltA', 'ldhA', 'pta']"
10.1007.s00253-014-6093-9,"['1-propanol', '1-propanol (1-propanol)', 'acetate', 'acetate (acetate)', 'ethanol', 'ethanol (ethanol)', 'lactate', 'lactate (lactate)', 'succinate', 'succinate (succinate)']","['2.15 g/L', '5.44 g/L', '9.3 g/L', '31.1 g/L', 'accumulated to 8.15 g/L', '6.76 g/L', '3.78 g/L', 'final concentration of 9.41 g/L', '0.55 g/L', '0.62 g/L', '34 % of dissimilated glucose', '2.44 g/L', '47 % of dissimilated glucose', '2 g/L', '2.05 g/L', '3.45 g/L', 'equivalent to 12–13 % of dissimilated glycerol', '25 g/L', '0.11 g/L', 'equivalent to approximately 70 % of dissimilated glycerol', '10.9 g/L']","['LB', 'SB']","['Glucose', 'Glycerol', 'glucose', 'glycerol']",['7.0'],['30 °C'],"['Anaerobic', 'anaerobic']","['Bioreactor, batch', 'Bioreactor, fed-batch', 'batch', 'fed-batch']","['Sbm', 'Sbm operon', 'adhE', 'ldhA', 'pykF', 'sbm', 'sucCD', 'ygfD', 'ygfG']"
10.1007.s00253-015-6732-9,"['acetol', 'acetol (acetol)']","['0.71 g/L', '0.25 g/g', '0.08 g/L', '1.20 g/L', '0.44 g/L', '1.82 g/L']",['M9 minimal'],"['Glucose + Glycerol', 'Glycerol']",['7'],['37 °C'],['220 rpm'],['500-mL baffled Erlenmeyer'],"['gapA', 'glpK', 'glpK22', 'mgsA', 'ptsG', 'yqhD', 'zwf']"
10.1007.s00253-015-6816-6,"['acetic acid', 'acetic acid (acetic acid)', 'fumaric acid', 'fumaric acid (fumaric acid)']","['0.070 g/L', '5.73 g/L', '2.07 g/L', '3.62 g/L', '0.432 g/g·glucose', '0.432 g/g', '5.30 g/L', '0.145 g/L', '0.371 g/g', '5.75 g/L', '0.506 g/g·glucose', '4.90 g/L', '0.493 g/g·glucose', '0.708 g/L', '0.96 g/L', '1.44 g/L', '2.7 g/L', '0.366 g/g·glucose', '0.490 g/g·glucose', '4.55 g/L', '25.5 g/L', '0.500 g/g·glucose', '4.59 g/L', '35.1 g/L', '0.436 g/g·glucose', '5.16 g/L', '5.00 g/L', '5.72 g/L', '6.24 g/L', '30.5 g/L', '5.21 g/L', '1.16 g/L', '5.79 g/L', '0.493 g/g', '0.371 g/L', '0.142 g/g', '0.431 g/g·glucose']","['LB', 'MR', 'modified MR']",['glucose'],['7.0'],"['37 °C', '37°C']","['', '220 rpm', '40%', 'DO 40%']","['Fed-batch', 'Flask', 'fed-batch (6.6 L jar)', 'flask']","['CS', 'PPC', 'ackA', 'arcA', 'aspA', 'fumA', 'fumAC', 'fumB', 'fumC', 'gltA', 'iclR', 'lacI', 'maeB', 'ppc', 'ptsG', 'sdhCDAB', 'sfcA']"
10.1007.s00449-013-1003-6,"['Calcium di-(d-galactonate)', 'Calcium di-(d-galactonate) (Calcium di-(d-galactonate))', 'd-galactonate', 'd-galactonate (d-galactonate)']","['0.88 g/g', '1.24 g/L', '0.17 g/L', '0.44 g/L', '17.6 g/L']",['M9 minimal salts medium'],"['Glucose, d-galactose', 'd-galactose, glucose']","['', '7.5']","['34 °C', '37 °C']","['', '20 % air saturation']","['5-L fermenter, batch', 'Shake flask cultivation', 'Shake flask cultivation at various pH levels']","['dgoD', 'dgoK', 'galK', 'gld']"
10.1007.s10529-014-1600-8,"['3HP', '3HP (3-hydroxypropionate)', 'P3HP', 'P3HP (poly(3-hydroxypropionate))']","['0.12 g/l', '3.1 g 3HP l−1', '0.5 g/l', '0.87 g 3HP l−1', '1.6 g/l', '0.41 g 3HP l−1', '2 g 3HP l−1']",['minimal medium'],"['glycerol, glucose']",[''],['30 °C'],[''],['500 ml baffled Erlenmeyer flask'],"['ACS', 'ACS domain', 'MCR-N', 'MmsB', 'PP0596', 'PanD', 'PanM', 'PhaC1', 'PrpE', 'YdfG', 'gabT', 'mcr -N', 'mmsB', 'panD', 'panM', 'pcs’', 'pp0596', 'ydfG']"
10.1007.s11274-014-1679-z,"['shikimic acid', 'shikimic acid (shikimic acid)']","['728.9 mg/l', '287.8 mg/l', '1,077.6 mg/l']",['fermentation'],"['glucose', 'sorbitol']",[''],['37 °C'],[''],['250 ml shake flask'],"['GBAE', 'aroB', 'aroE', 'aroK', 'aroL', 'tktA']"
10.1007.s12010-015-1874-x,"['acetate', 'acetate (acetate)', 'alanine', 'alanine (alanine)']","['0.3 g/l', '120.8 g/l', '1.1 g/l', '0.05 g/l', '114 g/l', '0.96 g/g glucose', '88 g/l', '96 g/100 g glucose', '0.48 g/g glucose', '89.6 g/100 g glucose', '0.02 g/l', '2.8 g/l', '13 g/l']","['M9-1', 'mineral salts with betaine']",['glucose'],"['-', '7']","['28 °C', '33 to 42 °C', '33 °C and 42 °C for 1 h induction', '42 °C', '< 33 °C', 'not specified']","['aerobic', 'anaerobic', 'oxygen-limited']","['5-l bioreactor', '5-l bioreactor, glucose-fed (85.2 g per batch)', 'complex medium, fed-batch', 'shake flask']","['ALD', 'PoxB', 'TdcD', 'TdcE', 'ack-pta', 'adhE', 'alaD', 'cI ts857-p R -p L -alaD-FRT', 'cvrA', 'dadA', 'dadX', 'frdA', 'ldhA', 'mgsA', 'pflB']"
10.1007.s12033-013-9721-1,"['MBO', 'MBO (2-Methyl-3-buten-2-ol)']","['0.0507 g/l', '0.020 g/l', '3.3 g/l', '0.0315 g/l', '0.1033 g/l']","['LB', 'Terrific Broth']",[''],[''],['37 °C'],"['with O2', 'without O2']",[''],"['HMGS', 'MBO synthase', 'MBOS', 'P. sabiniana MBO synthase', 'S. cerevisiae mevalonate pathway genes', 'idi']"
10.1007.s00253-011-3530-x,"['P(2HB-co-3HB)', 'P(2HB-co-3HB) (poly(2-hydroxybutyrate-co-3-hydroxybutyrate))']","['68 g/l', '26.7 g/l']",['MR'],['Glucose'],[''],['37°C'],[''],[''],"['Pct Cp', 'Pct540', 'PhaC1 Ps6-19', 'PhaC1437', 'cimA', 'cimA3.7', 'ldhA', 'leuBCD', 'panE', 'pct540', 'phaA', 'phaAB', 'phaB', 'phaC1437']"
10.1186.1475-2859-11-132,"['acetate', 'acetate (acetate)', 'pDNA', 'pDNA (plasmid DNA)']","['7.98 mg/L', '12.73 mg/L', '5–6 mg/g', '4.12 mg/g', '70 mg/L', '1.14 mg/L', '8.67 mg/L', '3 mg/g', '9.5 ± 0.8 g/L', '0.32 ± 0.03 g/L', '186 mg/L', '6.25 mg/L', '13.09 mg/L', '0.08 ± 0.01 g/L', '0.19 ± 0.03 g/g', '2.78 mg/L', '4 mg/g', '7.09 mg/L', '0.14 ± 0.01 g/L', '0.66 ± 0.02 g/L', '1.46 mg/g h', '0 g/L', '2.2 ± 0.1 g/L', '0.62 ± 0.04 g/L', '8.8 mg/L']","['Cultivation medium with K2HPO4, KH2PO4, (NH4)2SO4, (NH4)Cl, sodium citrate, MgSO4·7H2O, ampicillin, thiamine hydrochloride, trace elements', 'mineral medium']",['glucose'],"['6.8', '7.2']",['37°C'],"['', '200 rpm orbital shaker', '>30%', 'DO maintained above 30%']","['250 mL baffled shake flasks', '3 L bioreactor', 'bioreactor, batch', 'shake flask']","['deoR', 'endA', 'lacI', 'lacZ', 'nupG', 'ptsH', 'ptsI', 'recA', 'recB', 'recC', 'recD', 'recF', 'recJ', 'recO', 'topA']"
10.1186.1475-2859-11-153,"['4-coumaric acid', '4-coumaric acid (4-coumaric acid)', 'caffeic acid', 'caffeic acid (caffeic acid)', 'ferulic acid', 'ferulic acid (ferulic acid)', 'tyrosine', 'tyrosine (tyrosine)']","['974 ± 30 mg/L', '38 ± 2 mg/L', '10 mg/L', '40 mg/L', '59 ± 7 mg/L', '196 ± 26 mg/L', '46 mg/L', '187 mg/L', '196 mg/L', '14 mg/L', '805 ± 41 mg/L', '307 mg/L', '511 mg/L', '150 mg/L', '22 mg/L', '129 ± 26 mg/L', '73 ± 15 mg/L', '144 ± 14 mg/L', '346 mg/L', '28 ± 10 mg/L', '400 mg/L', '113 mg/L', '187 ± 12 mg/L', '42 mg/L']","['M9 medium', 'M9 minimal', 'M9 modified', 'M9 modified medium']","['Glucose', 'glucose']","['', 'not specified']","['', '26°C', 'not specified']","['', 'not specified']","['', 'not specified']","['Sam5', 'T5', 'T5M', 'TAL', 'aroGfbr', 'com', 'opT5', 'opT5M', 'opTAL', 'optall', 'sam5', 'tal', 'tyrAfbr', 'tyrR']"
10.1186.1475-2859-11-155,"['naringenin', 'naringenin (naringenin)']","['0.002 g/g', '0.006 g/g']",['synthetic'],['glucose'],['5.0'],['30°C'],"['aerobic', 'well-aerated']","['batch bioreactor', 'shake flask']","['4CL1', '4CL2', '4CL3', '4CL4', 'ARO10', 'ARO3', 'ARO4', 'ARO4G226S', 'ARO4G226Saro10', 'C4H', 'CHI1', 'CHI3', 'CHS1', 'CHS3', 'CPR1', 'CPR2', 'DAHP synthase', 'PAL1', 'PAL2', 'PDC1', 'PDC5', 'PDC6', 'PYK2', 'aro10', 'aro3', 'aro3Δ', 'at4CL3', 'atCHI1', 'atCHS3', 'atPAL1', 'coC4H', 'coCHS3', 'coCPR', 'coCPR1', 'cotal1', 'pdc5', 'pdc6', 'tal1']"
10.1186.1475-2859-12-56,"['L(-)-carnitine', 'L(-)-carnitine (L(-)-carnitine)', 'acetate', 'acetate (acetate)', 'succinate', 'succinate (succinate)']","['31.2 mM', '12.2 mM', '18.1 mM', '21.7 mM', '28.5 mmol/l', '8.3 mM', '46 mM', '59.6 mmol/l', '10.2 mM', '20.7 mM', '12.5 mM', '13.9 mM', '16.4 mM', '7.4 mM']","['', 'LB-CB', 'Phosphate buffer']","['', 'crotonobetaine']","['', '7.5']",['37°C'],"['Aerobic', 'Anaerobic']","['Batch', 'Resting cells']","['aceA', 'aceK', 'cai operon', 'cai/fix', 'caiA', 'caiB', 'caiC', 'caiF', 'caiT', 'caiTABCDE', 'fhl', 'fix operon']"
10.1186.1475-2859-12-7,"['D-lactate', 'D-lactate (D-lactate)', 'L-lactate', 'L-lactate (L-lactic acid)']","['50 g/liter', '13.7 g/liter', '0.25 g/L/h', '33 g/liter', '0.74 g L-lactate/g glycerol', '0.56 g/g glycerol', '0.86 g L-lactate/g of glycerol', '9 g/liter', '0.82 g L-lactate/g glycerol', '0.90 g L-lactate/g glycerol', '35.1 g/liter', '0.38 g/L/h', '0.1 g/liter', '0.61 g/g glycerol']",['minimal medium'],"['crude glycerol', 'glycerol']",[''],['37°C'],['microaerobic'],"['shake flasks', 'shake flasks, sequential feed']","['aceEF', 'adhE', 'dhaKLM', 'frdA', 'gldA', 'glpD', 'glpK', 'ldh', 'ldhA', 'ldhAldh', 'lldD', 'lpdA', 'mgsA', 'pflB', 'pta']"
10.1186.1475-2859-13-64,"['1,3-propanediol', '1,3-propanediol (1,3-propanediol)', '3-hydroxypropionic acid', '3-hydroxypropionic acid (3-hydroxypropionic acid)', 'acetate', 'acetate (acetate)', 'methylglyoxal', 'methylglyoxal (methylglyoxal)', 'succinate', 'succinate (succinate)']","['20.1 ± 9.2 C-mol%', '37.7 ± 13.2 C-mol%', '9.9 ± 1.8 C-mol%', '14.7 ± 7.0 C-mol%', '33.9 ± 1.2 C-mol%', '8.2 ± 9.9 C-mol%', '0.8 ± 0.4 C-mol%', '39.0 ± 0.01 C-mol%', '0.60 mM at maximum', '5.9 ± 0.5 C-mol%', '0.9 ± 0.1 C-mol%', '4.6 ± 0.8 C-mol%', '40 C-mol%', '22.9 ± 5.2 C-mol%', '0.22 mM at maximum', '26.2 C-mol%', '0.03 mM at maximum']",['M9'],['glycerol'],['not specified'],['37°C'],['microaerobic (OUR = 10 mmol/(g DC●h))'],['Sakaguchi flask'],"['aldH', 'dhaB', 'dhaB1', 'dhaB2', 'dhaB3', 'edd', 'gdrA', 'gdrAB', 'gdrB', 'pgi', 'tpiA', 'yqhD', 'zwf']"
10.1186.1475-2859-7-36,"['n-butanol', 'n-butanol (n-butanol)']","['1 mg/L', '2.5 mg/L']",['SD'],['galactose'],[''],['30°C'],['semi-anaerobic'],"['serum vial, semi-anaerobic']","['Adhe2', 'AtoB', 'Ccr', 'Crt', 'ERG10', 'Erg10', 'Hbd', 'PhaA', 'PhaB', 'adhe2', 'bcd', 'ccr', 'crt', 'etfA', 'etfAB', 'etfB', 'hbd', 'phaA', 'phaB']"
10.1186.1475-2859-9-21,"['DAHP', 'DAHP (3-deoxy-D-arabino-heptulosonate-7-phosphate)', 'DHS', 'DHS (3-dehydroshikimate)', 'GA', 'GA (protocatechuic acid)', 'SA', 'SA (shikimic acid)']","['0.21 mol/mol', '2.8 g/L', '0.3 g/L', '1.71 g/L', '0.29 mol/mol', '5.1 g/l', '7.1 g/l', '0.11 mol/mol']",['mineral broth'],['glucose'],['7.0'],['37°C'],['20% air saturation'],['1 L fermentor'],"['DAHPS', 'aroB', 'aroE', 'aroGfbr', 'aroGfbrtktA', 'aroK', 'aroL', 'pykA', 'pykF', 'tktA']"
10.1186.1475-2859-9-96,"['Me-(R)-3HV', 'Me-(R)-3HV (Methyl-(R)-3-Hydroxyvalerate)', 'acetate', 'acetate (acetate)', 'chiral 3HV', 'chiral 3HV (chiral 3-hydroxyvalerate)']","['0.31 g/L', '0.60 g/L', '0.96 g/L', '0.11 g/L', '1.02 g/L', '0.27 g/L', '2.04 g/L', '0.08 g/L', '0.38 g/L', '2 g/L', '0.91 g/L', '0.50 g/L', '1.85 g/L', '0.22 g/L', '0.19 g/L']",['LB'],"['Glucose', 'Glucose + 2-Ketobutyrate', 'Glucose + Threonine', 'Glycerol']",[''],['30°C'],"['', 'Aerobic']","['250 mL shake flask', 'Shake Flask']","['PhaB', 'Ptb-Buk', 'TesB', 'ackA-pta', 'atoB', 'atoDA', 'bktB', 'endA', 'hbd', 'ilvA', 'metA', 'phaB', 'poxB', 'ptb-buk', 'recA', 'tdh', 'tesB', 'thrABC', 'thrAG1297A', 'thrAG1297ABC', 'thrAG1997ABC']"
10.1186.1754-6834-6-60,"['α-pinene', 'α-pinene (α-pinene)']","['0.26 mg/L', '0.165 mg/L', '0.172 mg/L', '0.65 mg/L', '1.77 mg/L', '1.35 mg/L', '0.86 mg/L', '0.97 g/L', '1.31 mg/L', '5.44 mg/L']","['Fermentation medium', 'Fermentation medium with MD beef extract']",['Glucose'],"['', '7.0']","['25°C', '30°C']","['', '20% DO']","['Fed-batch fermentation', 'Shake-flask']","['ERG12', 'ERG19', 'ERG8', 'GPPS', 'GPPS2', 'IDI1', 'IspA', 'MvaE', 'MvaS', 'Pt30', 'ispA', 'mvaE', 'mvaS', 'α-pinene synthase']"
10.1186.s12934-014-0096-1,"['L-phenylalanine', 'L-phenylalanine (L-phenylalanine)', 'acetic acid', 'acetic acid (acetic acid)', 'lactate']","['0.23 g/l h', '26 mM', '3.0 mM', '0.08 g/l', '3 mM', '0.19 mM CPhe/CGlc', '0.37 g/l h', '0.36 g/l with glucose', '0.72 g/l with glycerol', '0.11 g/l', '0.18 mM CPhe/CGly', '0.20 mM CPhe/CGly', '0.26 mM CPhe/CGly', '25 mM', '15 mM', '0.90 g/l with crude glycerol', '0.25 g/l h', '0.23 mM CPhe/CGly']",['MM'],"['crude glycerol', 'glycerol', 'pure glycerol']",['7.0'],['37°C'],"['-', '20%', '60%']","['Fed-batch bioreactor', 'Shake flask']","['aroB', 'aroF', 'aroL', 'glpK', 'glpK G232D', 'glpX', 'pheA', 'tktA', 'tyrA']"
10.1186.s12934-014-0099-y,"['DAMP4', 'DAMP4 (DAMP4)', 'acetate', 'acetate (acetate)', 'biomass', 'biomass (biomass)']","['~5 g/L', '4.3 g/L', '6.3 g/L', '50 g in 15 hours', '7.4 g/L', '6.7 g/L', '1 g/L', '2.5 g/L', '55 g/L', 'below 1 g/L', '4.7 g/L', 'around 4 g/L', '~1.2 g/L', '0.5 g/L', '50 g/L']","['CDM', 'LB']","['glucose', 'glucose/sucrose', 'sucrose']",['6.9'],['37°C'],"['-', '70% of air sat.']","['Batch', 'Fed-batch', 'Fed-batch (after induction)', 'Fed-batch, fast feeding (5.5 mL/h)']","['DAMP4', 'cscAKB']"
10.1186.s12934-014-0123-2,"['2-phenylethanol', '2-phenylethanol (2-phenylethanol)', 'styrene', 'styrene (styrene)']","['0.44 mM', '1.13 mM', '42 ± 3 mg/L', '1.44 ± 0.11 mg/g', '29 ± 2 mg/L', '2.09 ± 0.16 mg/g', '0.63 mM', '20 ± 1 mg/L', '18 ± 2 mg/L', '23 ± 2 mg/L', '0.80 mM', '0.35 mM']","['SD', 'SD-Leu']",['Glucose'],['n/a'],['32°C'],['Limited'],['Shake flask'],"['26S', 'ADH1-6', 'ALD1-6', 'ARO1', 'ARO10', 'ARO2', 'ARO3', 'ARO4', 'ARO7', 'ARO8', 'ARO9', 'FDC1', 'GCN4', 'PAL', 'PAL2', 'PHA2']"
10.1186.s12934-014-0185-1,"['CA', 'CA (cinnamic acid)', 'pHCA', 'pHCA (p-hydroxycinnamic acid)']","['3.6 fold higher (YCA/Glu compared to WPJAt)', '1.03 μmolpHCA/mmolC', 'YpHCA/Ara of 0.437 μmolpHCA/mmolC', '736.8 μmol/L']",['M9'],"['Arabinose', 'Glucose', 'Xylose']",[''],['37°C'],['300 rpm'],['Shake flask'],"['PAL/TAL', 'PALAt', 'PALRg', 'aroG', 'pheA', 'tktA']"
10.1186.s12934-015-0192-x,"['tryptophan', 'violacein', 'violacein (violacein)']","['0.18 g L−1', '0.153 g/L', '1.75 g/L', '0.603 g/L', '0.116 g-violacein/g-glucose']",['M9-YE'],['glucose'],['7.0'],['20°C'],"['', '> 25±5%']","['5-L bioreactor', 'Flask']","['pheA', 'tnaA', 'trpD', 'trpE', 'trpE fbr', 'trpR', 'vio']"
10.1186.s12934-015-0232-6,"['isobutanol', 'isobutanol (isobutanol)']","['2.7 g/L', '2.3 g/L', '4.2 g/L', '4.1 g/L', '3.6 g/L', '5.1 g/L', '2 g/L', '1.4 g/L', '2.4 g/L', '4 g/L', '4.9 g/L']","['Hydrolysate', 'Production Media']","['glucose', 'glucose + synthesized CBA', 'synthesized CBA']",['7'],['30°C'],['250 rpm'],['Batch'],"['AscB', 'CBA phosphorylase', 'CBAP', 'ascB', 'bglA', 'bglB', 'chbF', 'treB']"
10.1186.s12934-015-0285-6,"['ethanol', 'ethanol (ethanol)']","['1.41-fold increase over wild type (molar yield, dimensionless ratio, representing product per substrate molar ratio)', '1.1 (molar yield, dimensionless ratio, representing product per substrate molar ratio)']",['LB-glycerol'],['glycerol'],['7.5'],['37°C'],['Below 1% (anaerobic glove box purged with Ar)'],['12 mL crimp-top vials sealed with a butyl rubber septum and aluminum caps'],"['cpsG', 'deoB', 'dhaKL', 'fdhF', 'fhl', 'fhlA', 'focA', 'frdA', 'frdB', 'frdBC', 'frdC', 'frmA', 'fumA', 'gadB', 'gldABC', 'glgC', 'gnd', 'ldhA', 'nanE', 'pflB', 'rpiA', 'sucB', 'tdcB', 'tdcE']"
10.1186.s12934-015-0291-8,"['dCyd', 'dCyd (deoxycytidine)']","['650 mg/L', '552 mg/L', '401 mg/L', '410 mg/L', '967 mg/L']",['LB'],"['Glucose', 'Glycerol']",[''],['37°C'],['250 rpm'],['Flask'],"['ArgR', 'DeoA', 'DeoD', 'PepA', 'PurR', 'Udp', 'argG', 'argR', 'cdd', 'codA', 'dcd', 'deoA', 'deoD', 'nrdCAB', 'pepA', 'pgi', 'purR', 'pyrG', 'thyA', 'udp', 'yfbR']"
10.1186.s12934-015-0301-x,"['lycopene', 'lycopene (lycopene)', 'neurosporene', 'neurosporene (neurosporene)']","['1.64 mg/g', '17.8 mg/g', '3.20 mg/g DCW', '2.05 mg/g DCW', '10.71 mg/g DCW', '5.30 mg/g DCW', '9.40 mg/g DCW', '5.03 mg/g DCW', '6.94 mg/g DCW']",['LB'],['Glucose'],[''],['37°C'],['Aerobic'],['Flask with shaking'],"['Dxs', 'Eda', 'GCgnd', 'GalP', 'MEP', 'crtEBI', 'crtI', 'dxs', 'dxs-idi', 'dxs-idi-ispDF', 'eda', 'eda-GCgnd', 'edd', 'fbaA', 'fbaB', 'galR', 'glk', 'gnd', 'idi', 'ispDF', 'pfkA', 'pfkAB', 'pfkB', 'pgi', 'ptsG', 'pykFA', 'ytjC', 'zwf']"
10.1186.s13068-015-0270-7,"['12-methyltetradecanoate', '12-methyltetradecanoate (12-methyltetradecanoate)', '14-methylhexadecanoate', '14-methylpentadecanoate', '14-methylpentadecanoate (14-methylpentadecanoate)', 'BFABCEs', 'Branched-Chain Alcohols', 'Branched-Chain Alcohols (Branched-Chain Alcohols)', 'FABCEs', 'FABCEs (fatty acid branched-chain esters)', 'isoamylol', 'isoamylol (isoamylol)', 'isobutanol', 'isobutanol (isobutanol)']","['513 mg/L', '0.017 g/L', '0.231 g/L', '2.015 g/L', '0.513 g/L', '0.033 g/l', '0.056 g/L', '0.273 g/L', '0.0137 g/g', '0.0019 g/g', '1.9 ± 0.28 mg/g glycerol', '231 mg/L', '0.033 g/L', '0.0028 g/g', '0.169 g/L', '0.205 g/L', '35 ± 5.7 mg/L', '838 mg/L', '205 mg/L', '485 mg/L', '345 mg/L', '33 mg/L', '0.0089 g/g', '2015 mg/L', '0.177 g/L', '499 mg/L']","['Modified M9', 'YPD', 'modified M9']","['Glucose', 'Glycerol', 'glycerol']","['', 'Not specified']",['30 °C'],"['', '220 rpm', 'Shaken at 220 rpm']","['500 mL flask', 'Shake flask']","['BCKD', 'FabH', 'adh2', 'alsS', 'aro10', 'bckd', 'fabHB', 'fadD', 'fadE', 'his4', 'ilvC', 'ilvCD', 'ilvD', ""tesA'"", 'ws/dgat']"
10.1021.jf500355p,"['butyrate', 'butyrate (butyrate)']","['6.8 g/L', '1 g/L', '>10 g/L', '4.1 g/L', '3.4 g/L', '2.5 g/L']",['modified Terrific broth'],"['glucose', 'glucose + acetate']",[''],['37 °C'],['oxygen-limited'],"['shake-flask, batch', 'shake-flask, batch with additional glucose feed']","['ackA', 'adhE', 'atoD', 'atoDA', 'atoDAEB', 'crt', 'f rdA', 'frdA', 'glf', 'hbd', 'ldhA', 'phaA', 'poxB', 'pta', 'ter']"
10.1021.sb400158w,"['fatty acids', 'fatty acids (fatty acids)']","['1.59 ± 0.21 g/L', '1.2 g/L', '2.03 ± 0.1 g/L']",['minimal medium'],['glucose'],[''],['37 °C'],[''],[''],"['Acc', 'FapR', 'FapRO', 'acc', 'accBC', 'accDA', 'fadE', 'fapR', 'lacI', 'tesA']"
10.1073.pnas.0308171100,"['acetate', 'acetate (acetate)', 'dicarboxylic acids', 'dicarboxylic acids (dicarboxylic acids)', 'pyruvate', 'pyruvate (pyruvate)']","['25% of the maximum theoretical yield', '195 mM', '12 mM', '20 mM', '749 mM', '28.9 mM', '5.5-fold higher', '81 mM', '17% higher', '58% of the theoretical maximum', '252 mM']",['mineral salts medium'],['glucose'],['7.0'],['37°C'],"['100% air saturation initially, then 5% air saturation', '5% air saturation']","['BioFlo 3000, fed-batch mode']","['ackA', 'adhE', 'atpFH', 'focA', 'frdBC', 'ldhA', 'pflB', 'poxB', 'pta', 'sucA']"
10.1073.pnas.0702609104,"['L-valine', 'L-valine (L-valine)']","['5.25 g/liter', '0.5 g/liter', '3.43 g/liter', '4.00 g/liter', '7.61 g/liter', '7.55 g/liter', '4.34 g/liter', '3.73 g/liter', '3.33 g/liter', '0.378 g/g', '1.31 g/liter', '2.75 g/liter']","['', 'NM1', 'NM2']","['', '20 g/liter glucose']",[''],"['', '31°C']","['', 'shaking']","['', 'batch culture', 'flask cultivation']","['aceF', 'brnFE', 'ilvA', 'ilvBN', 'ilvCDE', 'ilvCED', 'ilvED', 'ilvG', 'ilvGM', 'ilvH', 'ilvI', 'ilvIH', 'leuA', 'leuABCD', 'lrp', 'mdh', 'panB', 'pfkA', 'tpiA', 'ygaZH']"
10.1073.pnas.1206346109,"['L-tyrosine', 'L-tyrosine (L-tyrosine)']","['798 mg/L', '418 mg/l', '902 mg/l', '13.8 g/l', '893 mg/L', '0.120 g/g', '5.7 g/l', '0.18 g/g', '0.204 g/g']","['MOPS minimal', 'R medium']",['Glucose'],"['', '7.0']",['37°C'],"['', '≥25%']","['2-l glass vessel', '50-ml flask with shaking']","['aroG', 'aroG fbr', 'evgA', 'fbr', 'gadE', 'hisH', 'pheA', 'purF', 'relA', 'rpoA', 'rpoA14', 'rpoA27', 'rpoD', 'rpoD3', 'spoT', 'tyrA', 'tyrA fbr', 'tyrR', 'ydeO']"
10.1073.pnas.1502866112,"['G-7-ADCA', 'G-7-ADCA (G-7-ADCA)']","['4.19 mM', '11.10 mM', '2.5 mol%', '10.04 mol%', '4.19 mol%', '3.79 mol%', '2.50 mM', '11.10 mol%', '3.79 mM', '21.48 mM', '8.79 mM', '17.88 mM', '12.19 mol%', '9.63 mol%', '29.01 mol%', '21.48 mol%', '3.59 mol%', '1.73 mM', '9.63 mM', '3.59 mM', '17.88 mol%', '12.19 mM', '10.04 mM', '8.79 mol%', '1.73 mol%', '29.01 mM']","['LB', 'ZYM medium']","['Glucose', 'glucose']","['7.0', 'neutral']",['30 °C'],"['200 rpm', 'High (shaking)']","['Shaking flask', 'shake flask']","['AceA', 'SucA', 'SucB', 'SucC', 'SucD', 'aceA', 'acs', 'ampC', 'iclR', 'poxB', 'scDAOCS', 'scDAOCS-H7', 'sucA']"
10.1073.pnas.1506781112,"['4-hydroxybenzoic acid', 'muconic acid', 'muconic acid (muconic acid)']","['1,209 mg/L', '0.35 g/g', '850 mg/L', '2.3 g/L', '1,185 mg/L', '4.7 g/L', '682 mg/L', '68 mg/L', '0.11 g/g', '4 g/L']",['sugar medium'],"['glucose, xylose']",['6.8'],['37 °C'],"['100 rpm, 12% DO', '250 rpm']","['1.3-L BioFlo110 batch-mode', '14-mL culture tubes, batch']","['AroE', 'AroY', 'AroZ', 'CatA', 'DHS', 'DHS transporter', 'YdiB', 'aroD', 'aroG', 'phosphotransferase system', 'ppsA', 'shiA', 'tktA', 'xylA']"
10.1002.biot.201300263,"['phenol', 'phenol (phenol)', 'tyrosine', 'tyrosine (tyrosine)']","['412.4 mg/L', 'ca. 1 g/L', '380.6 mg/L', '419.8 mg/L', '3.55 g/L', '0.02 g/g glucose', '1.2 ± 0.0 g/L', '2.0 ± 2.1 g/L', '1.3 ± 1.2 g/L', '392.6 g/L', '0.017 g/g glucose', '1.69 g/L', '3.79 g/L', '16.6 mg/L', '27.6 mg/L', '1.7 ± 0.2 g/L', '1.0 ± 1.4 g/L', '1.2 ± 0.7 g/L', '0.47 ± 0.47 g/L', '0.0026 g/g glucose', '7.5 mg/L']","['LB', 'MR', 'Modified MR medium']","['Glucose', 'glucose']",['6.8'],"['25°C', '37°C']","['', '-', '40% DO']","['Fed-batch', 'Fed-batch with tributyrin', 'Flask', 'Flask culture']","['TPL', 'aroF', 'aroG A146N', 'aroK', 'csrA', 'ppsA', 'tktA', 'tpl', 'tyrA A354V,M53I', 'tyrC', 'tyrR']"
10.1002.bit.20159,"['DHS', 'DHS (3-Dehydroshikimate)', 'L-Phe', 'L-Phe (L-phenylalanine)']","['0.33 g/g', '0.15 ± 0.01 g/l', '0.054 ± 0.004 g/l', '0.16 g/l', '0.22 g/g', '0.1 g/l', '0.14 g/g', '0.05 g/g', '0.21 g/g']",['M9'],['Glucose'],[''],[''],[''],"['Shake flask, resting']","['DAHP synthase', 'aroG', 'aroG fbr', 'crr', 'pheA', 'pheA ev1', 'pheA ev2', 'pheA fbr', 'ptsHI', 'tktA', 'transketolase']"
10.1002.bit.20298,"['pyruvate', 'pyruvate (pyruvate)', 'succinate', 'succinate (succinate)']","['48 mM', '1.68 g/L', '2.274 mole pyruvate/mole glucose', '2.398 mole pyruvate/mole glucose', '0.338 mole pyruvate/mole glucose', '0.7 g/g', '22 mM', '0.223 g/g', '1.26 g/L', '0.344 g/g', '0.5 g/g', '3.8 g/L', '2.58 g/L']",['LB'],['Glucose'],"['7.0', '7.5']",['37°C'],"['>80%', 'Aerobic']","['1.0-L Bioreactor', '250-mL flask']","['aceA', 'aceB', 'ackA-pta', 'icd', 'iclR', 'poxB', 'sdh', 'sdhAB']"
10.1002.bit.20542,"['lactate', 'lactate (lactate)']","['1.69 g/L', '0.89 g/L', '0.87 g/L']",['M9 minimal'],['glucose'],[''],['37°C'],['anaerobic'],['batch culture'],"['adhE', 'glk', 'pfk', 'pfkA', 'pfkB', 'pta', 'ptsG']"
10.1002.bit.22502,"['putrescine', 'putrescine (putrescine)']","['1.30 g/L', '1.68 g/L', '0.168 g/g', '0.25 g/L', '21.7 g/L', '1.18 g/L', '24.2 g/L', '0.09 g/L', '1.57 g/L', '0.84 g/L']",['R/2 medium'],['glucose'],['6.8'],['37°C'],"['20% of air saturation', 'Not given']","['Batch culture', 'Fed-batch culture']","['ODC', 'argA', 'argB', 'argC', 'argD', 'argE', 'argECBH', 'argF', 'argH', 'argI', 'argR', 'atoC', 'potE', 'puuPA', 'rpoS', 'speC', 'speE', 'speF', 'speG']"
10.1002.bit.22918,"['cadaverine', 'cadaverine (cadaverine)']","['0.79 g/L', '9.61 g/L', '0.12 g/g', '0.119 g/g', '1.31 g/L', '0.131 g/g', '0.079 g/g', '1.19 g/L']",['R/2'],['glucose'],['6.80'],['37°C'],[''],"['Batch culture', 'Fed-batch, pH-stat feeding']","['CadA', 'PuuA', 'PuuP', 'YdcW', 'YgjG', 'aceBA', 'cadA', 'dapA', 'dapB', 'dapD', 'ddh', 'iclR', 'lysA', 'lysC', 'pta', 'puuPA', 'speE', 'speG', 'ygjG']"
10.1002.bit.22984,"['acetate', 'acetate (acetate)', 'ethanol', 'ethanol (ethanol)', 'lactate', 'lactate (lactate)', 'propanol', 'propanol (propanol)']","['2 mM', '0.25 mM', '0.48 mM', '1.71 g/g', '0.55 g/g', '0.52 g/g', '0.71 g/g', '<0.4 mM', '1.58 g/g', '0.45 mM', '0.98 g/g', '1.33 g/g', '0.49 g/g', '0.23 mM']",['NF medium'],['glucose'],[''],['25°C'],['maintained through feeding'],"['100mL-fermentor, 5 L/hr mixture']","['AdhLdh', 'DadhE', 'Dldh', 'Dndh', 'DnuoA-N', 'Dpgi', 'P450 BM3', 'P450 PMO R2', 'Pgi', 'Zwf', 'ackA', 'dc1-12G', 'dcP450 PMO R2', 'ndh', 'pta']"
10.1002.bit.23069,"['6-dEB', '6-dEB (6-deoxyerythronolide B)']","['33.1 ± 7.4 mg/L', '75.2 ± 3.9 mg/L', '75.6 ± 3.2 mg/L', '1.27 ± 0.29 mg/L', '96.4 ± 5.6 mg/L', '101.0 ± 7.5 mg/L', '52.1 ± 2.4 mg/L', '3.39 ± 0.74 mg/L', '0.32 ± 0.11 mg/L', '73.4 ± 2.0 mg/L', '60.9 ± 2.43 mg/L', '61.1 ± 2.18 mg/L', '58.6 ± 1.19 mg/L', '5 mg/L', '0.1 mg/L', '97.9 ± 7.32 mg/L', '71.7 ± 3.74 mg/L', '134.1 ± 6.6 mg/L']","['Production medium', 'Production medium + matBC', 'Production medium + matBC-mce', 'Production medium + mce']","['Methylmalonate', 'Propionate', 'Propionate + Methylmalonate']",[''],['22°C'],[''],['Shake-flask'],"['MatB', 'MatBC', 'MatC', 'PCC', 'YgfG', 'accA1', 'atoC', 'eryA1', 'eryA2', 'eryA3', 'matB', 'matBC', 'matC', 'mce', 'pcc', 'pccB', 'prpE', 'sbm', 'ygf operon', 'ygfH']"
10.1002.bit.23259,['hydrogen'],"['6.19 mmol H2/mol glucose', '9.40 mmol H2/mol glucose']",['M63A'],['glucose'],['7.0'],['25°C'],['anaerobic'],['60-mL serum vials'],"['fbp', 'fdxA', 'glpX', 'hydA', 'hydAEFG', 'hydE', 'hydF', 'hydG', 'hydrogenase', 'pgi', 'yumC', 'zwf']"
10.1002.bit.24868,"['acetic acid', 'acetic acid (acetic acid)', 'fumaric acid', 'fumaric acid (fumaric acid)']","['0.415 g/g', '1.45 g/L', '0.389 g/g', '28.2 g/L', '7.85 g/L', '26.2 g/L', '8.23 g/L', '5.24 g/L', '9.55 g/L', '6.25 g/L', '5.85 g/L', '4.9 g/L', '1.13 g/L', '2.29 g/L', '0.410 g/g', '4.09 g/L', '2 g/L', '1.65 g/L', '5.35 g/L', '0.350 g/g', '0.361 g/g']",['MR'],['glucose'],['7.0'],['37°C'],"['220 rpm', '40%', 'aerobic']","['6.6-L jar fermentor; fed-batch', 'Flask; batch', 'batch', 'fed-batch', 'flask']","['ICL', 'PPC', 'adhE', 'arcA', 'aspA', 'aspC', 'frdABCD', 'fumA', 'fumB', 'fumC', 'galP', 'iclR', 'lacI', 'ldhA', 'ppc', 'ptsG']"
10.1002.bit.25123,"['amorpha-4,11-diene (amorpha-4,11-diene)', 'amorphi-4,11-diene', 'beta-carotene', 'caryophyllene equivalents', 'caryophyllene equivalents (caryophyllene equivalents)']","['100 mg/g', '64 mg/L']",['SD + URA'],['galactose'],['7'],['30 °C'],['Aerobic'],['liquid culture'],"['ADS', 'BTS1', 'ERG10', 'ERG12', 'ERG13', 'ERG19', 'ERG20', 'ERG8', 'HMGR', 'IDI1', 'crtE', 'crtI', 'crtYB', 'erg10', 'erg12', 'erg13', 'erg20', 'idi1', 'tHMG1', 'thmg1']"
10.1002.bit.25198,"['farnesene', 'farnesene (farnesene)']","['1.1 g/L', '130 mg/L', '731 mg/L']",['2x TY'],['glycerol'],[''],['30 °C'],[''],['500-mL shake flask'],"['3-hydroxy-3-methylglutaryl-CoA reductase (thmg1)', '3-hydroxy-3-methylglutaryl-CoA synthase (erg13 or hmgs)', 'AFS', 'ALF', 'AtoB', 'ERG12', 'ERG13', 'ERG8', 'Idi', 'IspA', 'MVD1', 'a-farnesene synthase', 'acetoacetyl-CoA thiolase (atoB)', 'afs', 'alf', 'erg13', 'erg8', 'farnesyl pyrophosphate synthase (ispA)', 'idi', 'ispA', 'mevalonate kinase (erg12)', 'mevalonate pyrophosphate decarboxylase (mvd1, also known as erg19)', 'phosphomevalonate kinase (erg8)', 'tHMG1']"
10.1002.bit.25239,"['fatty acids', 'fatty acids (fatty acids)', 'free fatty acids', 'free fatty acids (free fatty acids)']","['77 mg/L', '140 mg/L', '81 mg/L', '66 mg/L', '106 mg/L', '48 mg/L', '115 mg/L', '124 mg/L', '120 mg/L']","['SC media', 'SC-URA']",['glucose'],"['6.5', 'N/A']","['30 C', 'N/A']","['200 rpm', 'N/A']","['flask culture', 'shake-flask']","['ACC1', 'ACS', 'ADH1', 'ADH2', 'ALD', 'Cinnamomum camphorum TE', 'EutE', 'FAA1', 'FAA4', 'PFL', 'POX1', 'PTE1', ""PTE1'"", ""TesA'"", 'adhE', 'eutE']"
10.1002.bit.25488,"['L-lactic acid', 'L-lactic acid (L-lactic acid)']","['27.6 g/L', '25.6 g/L', '35.8 g/L', '37.8 g/L', '24.2 g/L', '117 g/L', '36.4 g/L', '35 g/L']","['YP medium (4% glucose)', 'modified YP medium', 'synthetic complex medium']",['glucose'],"['3.5', 'N/A']",['30°C'],"['80 rpm', 'air flow rate 0.1 L/min, < 5% DO']","['2-L jar fermentors, fed-batch fermentation', '250 mL flask, overnight then transferred to YP medium (8% glucose)', '250 mL flask, seed medium, overnight then fermented in same medium']","['CCW12', 'LDH', 'PDC1', 'PGK1', 'TEF1', 'cyb2', 'gpd1', 'ldh', 'nde1', 'nde2', 'pdc1', 'yEGFP']"
10.1002.bit.25683,"['farnesene', 'farnesene (farnesene)', 'santalene', 'santalene (santalene)']","['4 mg/L', '6 mg/L', '170 mg/L', '4.5 mg/L', '0.006 g/gDCW', '120 mg/L', '163 mg/L', '160 mg/L', '3.0 mg/L', '3.5 mg/L']","['', 'minimal medium']",['glucose'],['5'],['30 C'],"['', '>30%']","['bioreactors, fed-batch', 'shake flasks']","['ERG20', 'ERG9', 'GDH2', 'a-farnesene synthase', 'b-farnesene synthase', 'dpp1', 'farnesene synthases', 'gdh1', 'lpp1', 'santalene synthase', 'tHMG1']"
10.1002.bit.25844,"['a-hydroxyglutarate', 'a-hydroxyglutarate (a-hydroxyglutarate)', 'hydroxypyruvate', 'serine', 'serine (serine)']","['0.33 g/g', '0.3-0.4 g/L', '6.69 g/L', '0.49 g/L', '0.26 g/g', '1.94 g/L/CDW', '6 g/L', '12.6 g/L', '0.43 g/g', '0.53 g/L', '0.73 g/L/CDW', '10.1 g/L', '0.89 g/L', '0.44 g/g', '8.3 g/L', '2.73 g/L/CDW', '4 g/L']",['M9'],['glucose'],"['', '7.0']",['37 °C'],"['', 'aerobic']","['batch', 'fed-batch']","['DglyA', 'DsdaA', 'DsdaB', 'DtdcG', 'EamA', 'SerA', 'ThrE', 'YeaB', 'eamA', 'glyA', 'ompX', 'opgE', 'rhtA', 'rybA', 'sdaA', 'sdaB', 'serA', 'serAmut', 'serB', 'serC', 'sstT', 'tdcG']"
10.1016.j.bbrc.2009.12.013,"['ethanol', 'ethanol (ethanol)', 'hydrogen', 'hydrogen (hydrogen)']","['0.87 μmol/mg protein', '36.8 μmol/mg protein', '2.1 mg/mg protein', '0.36 mg/mg protein', '0.41 mg/mg protein', '1.6 μmol/mg protein', '21 μmol/mg protein']",['glycerol medium'],['glycerol'],[''],['37°C'],['anaerobic'],['sealed vial'],"['ackA', 'dhaMKL', 'eno', 'fbp', 'fnr', 'focA', 'frdC', 'gatABCDRYZ', 'gatZ', 'gldA', 'glp T', 'glpA', 'glpABC', 'glpB', 'glpD', 'glpF', 'glpK', 'glpT', 'not mentioned', 'rfaBIJKPSYZ']"
10.1016.j.ymben.2006.10.005,"['acetate', 'acetate (acetate)', 'amorphadiene', 'amorphadiene (amorphadiene)']","['0.6 mM', '54% of PDB101', '7.6 mM', '44% of PDB105']",['SD'],['galactose'],[''],['30°C'],['aerobic'],['Erlenmeyer flask'],"['ACS', 'ACS1', 'ADS', 'ALD6', 'ALDEB', 'ERG20', 'ERG9', 'FPP synthase', 'HMG-CoA reductase', 'acs', 'tHMGR', 'upc2-1']"
10.1016.j.ymben.2009.01.002,"['H2', 'H2 (Hydrogen)', 'hydrogen', 'hydrogen (hydrogen)', 'lactate', 'lactate (lactate)']","['2.25 mol H2·(mol glucose consumed)−1', '3.2 mmolH2h−1g−1 (dry cell weight)', '1.6 mol H2·(mol glucose consumed)−1', '4 mol H2·(mol glucose consumed)−1', '0.8 mmolH2h−1g−1 (dry cell weight)', '1 mol H2·(mol glucose consumed)−1', '0.6 mmolH2h−1g−1 (dry cell weight)', '0.10 mol H2·(mol glucose consumed)−1', '4 mmolH2h−1 (dry cell weight)', '8 mol H2·(mol glucose consumed)−1', '0.12 mol H2·(mol glucose consumed)−1', '4-fold decrease compared to control (BL21(DE3) with no plasmids, exact value not provided)', 'mol H2·(mol glucose consumed)−1', '9.6 mmolH2h−1g−1 (dry cell weight)', '10.8 mol H2·(mol glucose consumed)−1', '0.13 mol H2·(mol glucose consumed)−1', '0.45 mol H2·(mol glucose consumed)−1']",['MOPS'],['glucose'],['7.0'],['30°C'],['anoxic'],['Serum bottle'],"['AmyE', 'CpFdx', 'Fdx', 'FldA', 'FldB', 'HydA', 'HydE', 'HydF', 'HydG', 'YdbK', 'amyE', 'fdx', 'fldA', 'fldB', 'iscR', 'ydbK', 'α-amylase']"
10.1016.j.ymben.2009.02.002,"['PDC', 'PDC (2-pyrone-4,6-dicarboxylic acid)']","['137 mg/l', '189 mg/l', '5.2% (mol/mol)', '6.7% (mol/mol)', '121 mg/l', '16.9% (mol/mol)', '106 mg/l', '173 mg/l', '171 mg/l', '2.3% (mol/mol)', '9.24% (mol/mol)', '13% (mol/mol)', '46 mg/l', '5.9% (mol/mol)']","['mineral medium', 'minimal medium']","['glucose', 'glucose + Phe', 'glucose + Tyr']",[''],"['', '37°C']",[''],"['', '50-ml culture', 'shaken flask']","['LigABC', 'T7 RNA polymerase', 'aroB', 'aroF', 'aroFfbr', 'ligA', 'ligABC', 'ligB', 'ligC', 'pheA', 'pob', 'pobA', 'qutC', 'tyrA', 'ubiC']"
10.1016.j.ymben.2009.07.002,"['pyruvate', 'pyruvate (pyruvate)', 'succinate', 'succinate (succinate)']","['0.26 g/L', '1.99 g/L', '2.6 g/L', '0.24 g/L']","['LB', 'M9']",['glucose'],['Not specified'],['37°C'],['anaerobic'],['Not specified'],"['MarA', 'argA', 'grxB', 'hyfF', 'ldhA', 'lpdA', 'moaE', 'nuoC', 'pfkB', 'pflB', 'ygfT', 'yhcAD']"
10.1016.j.ymben.2010.11.002,"['26.10 IgG', '26.10 IgG (26.10 IgG)', '9c8-IgG', '9c8-IgG (9c8-IgG)', 'IgG antibodies', 'IgG antibodies (Immunoglobulin G antibodies)', 'M18.1-IgG', 'fully assembled IgG', 'fully assembled IgG (fully assembled Immunoglobulin G)']","['4 mg/l', '0.4-4 g/L', '4 mg/L', '0.1-1.3 mg/L', '1.3 mg/l', '0.1–1.3 mg/l', '0.1 mg/l']",['NU'],"['Glucose, Glycerol']",[''],['25°C'],[''],['Shake flask'],"['BiP', 'Cyclophilin B', 'DnaJ', 'DnaK', 'DsbA', 'DsbC', 'FkpA', 'FkpA-DsbA chimera', 'GroEL', 'GroES', 'HSPA5', 'IgG', 'SecB', 'SecE', 'SecY', 'Skp', 'dnaK/dnaJ', 'dsbA', 'dsbC', 'fkA', 'fkA-dsbA', 'groEL/groES', 'ppiB', 'secB', 'secY/secE', 'tig', 'trigger factor']"
10.1016.j.ymben.2011.09.006,"['biomass', 'biomass (biomass)', 'ethanol', 'ethanol (ethanol)', 'lactate', 'lactate (lactate)']","['23 mM', 'about 14–31% of those for the ubiCA+ strains', '4.2 mM', '12.5 mM']",['LB'],"['glucose', 'glycerol']",[''],['37°C'],['aerobic'],['shake flask'],"['adh', 'adhE*', 'ldhA', 'pdc', 'ubiCA']"
10.1016.j.ymben.2012.07.002,"['hexanoic acid', 'hexanoic acid (hexanoic acid)', 'n-hexanol', 'n-hexanol (n-hexanol)']","['91 mg/L', '280 mg/L', '469 mg/L']","['LB', 'Terrific Broth']",['glucose'],[''],['30°C'],['Anaerobic'],['10mL BD Vacutainer'],"['A to B', 'AdhE2', 'AtoB', 'BktB', 'Crt', 'Egl.Ter', 'Hbd', 'PaaH1', 'Tde.Ter', 'Ter', 'adhE', 'adhE2', 'crt', 'crt1', 'frdBC', 'hbd', 'ldhA', 'mBAC', 'mBACH', 'paaH1']"
10.1016.j.ymben.2012.07.010,"['bisabolene', 'bisabolene (bisabolene)', 'mevalonate']","['5.2 g/L', '450 mg/L', '3.2 g/L', '400 mg/L', '540 mg/L', '800 mg/L', '35 mg/L', '200 mg/L']","['Initial batch medium', 'SC-Leu agar medium']","['galactose', 'glucose']",['5'],['30°C'],"['0.7 L/min', 'Not specified']","['Bioreactor (extended culture)', 'Bioreactor (glucose-limited, fed-batch)', 'Test tubes']","['AgBIS', 'BTS1', 'ERG20', 'ERG9', 'HMG1', 'ROX1', 'YJL064W', 'YPL062W', 'arp6', 'bisabolene synthase', 'crtE', 'crtI', 'crtYB', 'erg24', 'gal80', 'prb1', 'rox1', 'ser33', 'tHMG1', 'ydr215c', 'yjl064w', 'ypl062w', 'ypl064w']"
10.1016.j.ymben.2012.08.001,"['acetate', 'acetone', 'acetone (acetone)']","['4.4 g/l', '1.5 g/l', '4.34 g/l', '3.6 g/l', '1.138 g/l', '1.298 g/l', '4.938 g/l', '7.1 g/l', '2.8 g/l']",['LB'],['glucose'],"['', '>5', '~4.7']",['37°C'],['180rpm'],"['100-ml batch culture', '100-ml fed-batch culture', '5-ml cultures']","['AACS', 'TEIIsrf', 'YbgC', 'adc', 'ctfAB', 'teIIsrf', 'thlA', 'ybgC']"
10.1016.j.ymben.2012.08.002,"['dopamine', 'dopamine (dopamine)', 'hydroxytyrosol', 'hydroxytyrosol (hydroxytyrosol)']","['0.08 mM', '0.74 mM', '70%', '0.69 mM', '0.03 mM', '0.19 mM']",['M9Y'],"['dopamine', 'glucose', 'l-DOPA', 'l-tyrosine']",[''],['30°C'],[''],"['Shake flask, batch culture']","['ADHs', 'DDC', 'DHPR', 'FolE', 'FolM', 'FolX', 'MAO', 'PCD', 'PTPS', 'SR', 'TH', 'TYO', 'Tyrosine hydroxylase', 'feaB', 'folM', 'folX']"
10.1016.j.ymben.2012.08.006,"['acetate', 'gluconate', 'gluconate (gluconate)']","['0.83 mol/mol Glu', '0.24 g/l', '0.14 mol/mol Glu', '0.5 g/l', '0.70 mol/mol Glu', '6.14 g/l', '0.08 mol/mol Glu', '0.41 g/l', '8.04 g/l']",['M9'],['glucose'],[''],['37°C'],[''],['Shake flask'],"['Gdh', 'Glk', 'glk']"
10.1016.j.ymben.2012.09.002,"['GlcNAc', 'GlcNAc (N-acetylglucosamine)', 'ManNAc', 'ManNAc (N-Acetylmannosamine)', 'NeuAc', 'NeuAc (N-acetylneuraminic acid)', 'acetate', 'acetate (acetate)', 'lactate', 'pyruvate', 'pyruvate (pyruvate)']","['33.21 g/l', '15.51 g/l', '1.55 g/l', '1.36 g/l', '4.81 g/l', '2.82 g/l', '0.30 g/l', '9.7 g/l', '0.19 g/l', '0.64 g/l', '16 g/l', '13.07 g/l', '6.48 g/l', '0.79 g/l', '7.85 g/l', '0.26 g/l', '0.12 g/l', '3.49 g/l', '1.62 g/l']","['5-l fermentor', 'modified TB medium', 'shake flask']",['glucose'],"['', '7.0']","['', '37°C']",[''],"['', 'fed-batch fermentation', 'shake flask cultivation']","['GNA1', 'ackA', 'gapA', 'glmS', 'glmSM', 'glmSMU', 'ldhA', 'nagA', 'nagB', 'nanA', 'nanE', 'nanK', 'nanT', 'poxB', 'rffE', 'slr1975']"
10.1016.j.ymben.2012.11.008,"['isobutanol', 'isobutanol (isobutanol)']","['48 mM', '3.0 mM', '1.09 mol/mol', '0.92 mol/mol', '3.7 mM', '0.13 mol/mol', '0.34 mol/mol', '25 mM', '0.04 mol/mol', '2.6 mM', '0.52 mol/mol', '0.66 mol/mol', '43 mM', '12 mM', '45 mM', '0.07 mol/mol', '2.5 mM', '4.9 mM', '0.41 mol/mol', '65 mM', '0.23 mol/mol', '35 mM', '63 mM', '0.2 mol/mol', '4.8 mM', '0.62 mol/mol', '26 mM', '17 mM', '114 mM', '0.18 mol/mol', '0.51 mol/mol', '0.22 mol/mol', '146 mM', '75 mM']","['NBS', 'NBS medium', 'NBS medium, two-stage process', 'rich', 'rich medium']",['glucose'],[''],"['', '37°C']","['aerobic', 'anaerobic']","['', '100mL screw cap bottle', '100mL screw cap bottles, batch culture', '250mL flask', '250mL flask, batch culture', '250mL flask, batch culture, rich medium', 'flasks', 'screw cap bottles']","['adhA', 'adhE', 'alsS', 'ilvC', 'ilvD', 'kivD', 'kivD-ilvD', 'pck', 'pck*', 'pntAB', 'tdcDE', 'yfjB']"
10.1007.s00253-006-0535-y,"['acetate', 'acetate (acetate)', 'succinic acid', 'succinic acid (succinic acid)']","['<0.2 mol/mol', '1.714 mol succinate/mol glucose', '1.6 mol succinate/mol glucose', '1.29 mol succinate/mol glucose']",['LB'],['glucose'],[''],['37°C'],['CO2'],['sealed serum tubes'],"['iclR', 'ptsG', 'pyc']"
10.1007.s00253-012-4298-3,"['ethanol', 'ethanol (ethanol)', 'xylitol', 'xylitol (xylitol)']","['0.33 ± 0.02 g/g xylose consumed', '0.20 ± 0.003 g g−1 xylose consumed', '50 g/l', '0.19 ± 0.01 g g−1 xylose consumed', '0.39 ± 0.003 g/g xylose consumed', '0.31 ± 0.01 g/g xylose consumed', '0.28 ± 0.02 g g−1 xylose consumed', '0.38 ± 0.01 g/g xylose consumed']",['YPX'],['xylose'],[''],['30 °C'],['semi-anaerobic'],['batch fermentation'],"['MAE1', 'MDH2', 'Mae1p', 'Mdh2p', 'PYC2', 'Pyc2p', 'XDH', 'XK', 'XR']"
10.1007.s10529-013-1317-0,"['lycopene', 'lycopene (lycopene)']","['9.98 mg/g DCW', '45 mg/g DCW', '7.55 mg/g DCW', '4.29 mg/g DCW', '6.85 mg/g DCW', '2.52 mg/g DCW', '7.39 mg/g DCW', '1.09 mg/g DCW', '1.52 mg/g DCW', '5.39 mg/g DCW']",['LB'],[''],[''],['37 °C'],['220 rpm'],['Flask'],"['crtB', 'crtE', 'crtI', 'dxs', 'gdhA', 'gps', 'idi', 'ispD', 'ispDF', 'ispF', 'pgi', 'zwf']"
10.1038.nbt.3095,"['acetate', 'acetate (acetate)', 'ferruginol', 'ferruginol (ferruginol)', 'nootkatol', 'nootkatol (nootkatol)', 'nootkatone', 'nootkatone (nootkatone)', 'oxygenated taxanes', 'oxygenated taxanes (oxygenated taxanes)', 'taxadien-5α-acetate-10β-ol', 'taxadien-5α-acetate-10β-ol (taxadien-5α-acetate-10β-ol)']","['1 mg/L', '50 g/L', '0.8 mg/L', '33 mg/L (converted from mg/L to g/L => 0.033 g/L)', '16 mg/L', '4 mg/L', '30 mg/L', '0.6 mg/L', '2.3 ± 0.2 g/L', '2 mg/L', '25 mg/L (converted from mg/L to g/L => 0.025 g/L)', '5.0 ± 0.1 g/L', '18 mg/L']","['Defined', 'LB']","['Glucose', 'Xylose']",['7.0'],['30 °C'],['30%'],['Bioreactor'],"['10βCYP', '10βCYP-CPR', '10βCYP26', '5αCYP', '5αCYP-CPR', 'ACS', 'AtCPR', 'CPR', 'CPS', 'HmCYP', 'HmCYP-AtCPR', 'KSL', 'PpADH3C', 'PpADHC3', 'SmCPR', 'SmCYP', 'SmCYP-SmCPR', 'TAT', 'TAT25', 'TaxE4', 'TaxE7', 'TaxE8', 'TaxS4', 'TaxS6', 'TaxS8', 'TaxS9', 'ackA', 'atpFH', 'atpFH24', 'ispA', 'pta', 'valC']"
10.1038.ncomms2425,"['fatty acid', 'fatty acid (fatty acid)']","['2.04 g/l', '1.42 g/l', '8.6 g/l']",['MK'],['glucose'],['6.8'],"['34 °C', '37 °C']","['', 'controlled']","['20-l Bioreactor, fed-batch', 'flask, batch']","['BnFatA', 'BnfatA', 'CnFatB2', 'CnfatB2', 'EGTE', 'accA', 'accABCD', 'accB', 'accC', 'accD', 'aceEF', 'fabA', 'fabD', 'fabG', 'fabH', 'fabI', 'fadD', 'gapA', 'lpdA', 'pgk', 'tesA′']"
10.1007.s10295-005-0206-5,"['ethanol', 'ethanol (ethanol)']","['62% higher', '75% higher']",['LB'],['Sorbitol'],['7.4'],['37°C'],['Anaerobic'],['45 mL capped tubes'],"['PEPC', 'ackA', 'ldhA', 'pta']"
10.1007.s10295-011-0973-0,"['DHS', 'DHS (dehydroshikimic)', 'SHIK', 'SHIK (shikimic acid)', 'acetic acid', 'l-DOPA', 'l-DOPA (l-3,4-dihydroxyphenylalanine)', 'l-Tyr', 'l-Tyr (l-tyrosine)']","['1.51 g/l', '0.361 g/g', '0.042 g/g', '0.118 g/g', '0.05 g/l', '0.032 g/g', '0.134 g/l', '0.035 g/g', '0.054 g/g', '1.4 g/l', '0.32 g/l', '0.313 g/l', '340 ± 11 mg/l']","['LB', 'M9']",['Glucose'],"['', '6.0']",['37°C'],"['', '≥ 20%']","['Fermentor (Batch)', 'Shake flask', 'Shake flask (Resting)']","['aroG fbr', 'galP', 'hpaB', 'hpaBC', 'hpaC', 'lacUV5', 'pheA', 'pheA CM', 'tktA', 'trc', 'tyrC', 'tyrR']"
10.1007.s10295-011-0978-8,"['ANTA', 'ANTA (anthranilate)', 'L-Phe', 'L-Phe (L-phenylalanine)', 'L-Trp', 'L-Trp (L-tryptophan)', 'L-Tyr', 'L-Tyr (L-tyrosine)']","['0.87 g/l', '0.9 g/l', '0.01 g/g', '2.3 g/l', '42 g/l', '5.1 g/l', '2.8 g/l', '0.58 g/l', '10.8 g/l', '3.6 g/l', '54.6 g/l', '7.8 g/l', '13.3 g/l', '5.3 g/l', '0.23 g/l', '5.4 g/l', '0.05 g/l', '0.27 g/l', '0.41 g/l', '1.4 g/l', '1.8 g/l']","['LB/fermentation', 'fermentor medium']","['Glucose', 'glucose']",['6.8'],"['33°C then 38°C', '33°C up to 38°C']",['30%'],"['3-l fermentor, fed-batch']","['AroF', 'AroG', 'AroH', 'DAHP synthase', 'PheA', 'TnaA', 'TrpR', 'TyrA', 'aroF', 'aroF fbr', 'aroF wt', 'pheA', 'tnaA', 'trpE', 'trpE fbr D', 'trpED', 'trpR', 'tyrA']"
10.1007.s10295-012-1151-8,"['butanol', 'butanol (butanol)', 'ethanol', 'ethanol (ethanol)']","['1,637 mg/l', '2,072 mg/l', '1.254 g/l']",['minimal media'],['glucose'],[''],['30 °C'],['anaerobic'],['serum bottle'],"['AdheI', 'AdheII', 'Bcd', 'BdhAB', 'Crt', 'Hbd', 'aceEF-lpd', 'ackA', 'adhE', 'adhP', 'adheII', 'bcd', 'crt', 'etfA', 'etfAB', 'etfB', 'frdABCD', 'hbd', 'ldhA', 'mhpF', 'pflB', 'thiL']"
10.1093.nar.gks549,"['ethanol', 'ethanol (ethanol)']","['0.25 g/g', '0.37 g/L/h', '0.26 g/g', '0.74 g/L/h', '0.1 g/L/h']",['YPA medium'],"['cellobiose', 'xylose']",[''],['30°C'],['250 rpm'],"['250 ml flask', 'shake-flask']","['BGL', 'CDT', 'XDH', 'XKS', 'XR', 'csXR', 'ctXDH', 'ppXKS']"
10.1002.bit.24828,"['AMV', 'AMV (5-aminovalerate)', 'cadaverine', 'glutarate', 'glutarate (glutarate)', 'lysine', 'lysine (lysine)']","['0.28 ± 0.09 g/L', '0.86 ± 0.02 g/L', '0.82 ± 0.03 g/L', '93 ± 5 mmol/mol', '9.1 ± 0.02% of 750 mmol/mol', '2.0 g/L', '71 ± 3 mmol/mol', '0.63 ± 0.07 g/L', '138 ± 10 mmol/mol', '0.75 ± 0.21 g/L', '2.25 ± 0.17 g/L', '1.53 ± 0.10 g/L', '68 ± 2 mmol/mol']",['M10'],['glucose'],[''],['37°C'],[''],"['shake flask, batch']","['DavA', 'DavB', 'DavD', 'DavT', 'cadA', 'dapA', 'davBA', 'davDT', 'ldcC', 'lysC']"
10.1016.j.jbiotec.2010.11.009,"['P(3HB-co-39.6 mol% LA)', 'P(3HB-co-39.6 mol% LA) (Poly(3-hydroxybutyrate-co-39.6 mol% lactate))', 'P(3HB-co-52.3 mol% LA)', 'P(3HB-co-52.3 mol% LA) (Poly(3-hydroxybutyrate-co-52.3 mol% lactate))', 'P(3HB-co-67.4 mol% LA)', 'P(3HB-co-67.4 mol% LA) (Poly(3-hydroxybutyrate-co-67.4 mol% lactate))', 'PLA', 'PLA (Polylactic acid)']","['20 g/l', '2.7 g/l', '4.2 g/l', '15.2 g/l', '53.9 wt% in a medium containing 20 g/l glucose and 2 g/l 3HB']",['MR'],['Glucose'],['7.0'],['30°C'],"['-', 'Above 20%']","['6.6-l jar fermentor, fed-batch', 'Flask, batch']","['Pct Cp', 'Pct540 Cp', 'PhaA', 'PhaAB Cn', 'PhaB', 'PhaC1 Ps6-19', 'PhaC1310 Ps6-19', 'ackA', 'acs', 'adhE', 'frdABCD', 'lacI', 'lacIq', 'ldhA', 'pflB']"
10.1016.j.jbiotec.2013.11.009,"['geraniol', 'geraniol (geraniol)']","['105.2 mg/L', '134.0 mg/L', '96.5 mg/L', '101.0 mg/L', '129.7 mg/L', '117 mg/L', '13.3 mg/L', '187.0 mg/L', '20.8 mg/L', '182.5 mg/L', '197.5 mg/L']",['2YT'],['Glycerol'],[''],['30°C'],['250 rpm'],"['Glass tube, 1 ml decane over 5 ml culture broth']","['FPPS', 'GDPB', 'GEOLB', 'GES', 'GPPS', 'IDI', 'MvaD', 'MvaE', 'MvaK1', 'MvaK2', 'MvaS', 'ObCAD1', 'ObGEDH', 'YahK', 'YddN', 'YjgB', 'cat', 'mvaD', 'mvaE', 'mvaK1', 'mvaK2', 'mvaS', 'tObGES', 'yahK', 'yddN', 'yjgB']"
10.1016.j.procbio.2013.10.002,"['BT', 'BT (1,2,4-butanetriol)', 'acetic acid', 'acetic acid (acetic acid)', 'd-xylonic acid', 'd-xylonic acid (d-xylonic acid)']","['0.12 g/L', '1.3 g/L', '37 mg/L', '3.5 g/L', '0.88 g/L', '8.8 g/L', '1.1 g/L']",['LB broth'],['d-xylose'],"['4.6', '4.8', '5.7']",['37°C'],['Not specified'],['Shake flask'],"['Bfd', 'Xdh', 'XylD', 'mdlC', 'xdh', 'xylA', 'xylAB', 'xylB', 'yagE', 'yjhH']"
10.1016.j.ymben.2005.02.001,"['GlcN', 'GlcN (Glucosamine)', 'GlcNAc', 'GlcNAc (N-acetylglucosamine)']","['4 mg/l', '18.7 g/l', '9.0 g/l', '75 mg/l', '22.4 g/l', '50 g/l', '6 g/l', '110 g/l', '6.0 g/l', '17 g/l']","['M9A', 'M9B']","['glucose', 'glucose + ribose + yeast extract', 'glucose + yeast extract']","['-', '6.8-7.0', '6.9']","['-', '37°C']","['-', '20% saturation']","['Fermentor, fed-batch', 'Shake flask']","['AtGNA1', 'CaGNA1', 'DnagH', 'GNA1', 'GlcN-6-P N-acetyltransferase', 'ScGNA1', 'fucIK', 'glmS', 'glmS*54', 'manXYZ', 'melRAB', 'nagBACD', 'nagE', 'treB']"
10.1016.j.ymben.2005.03.001,"['acetate', 'acetate (acetate)', 'formate', 'formate (formate)', 'succinate', 'succinate (succinate)']","['1.5 mol/mol', '8 g/l for SBS550MG (pHL413, pHL531)', '0.5 mol/mol', '40 g/L', '1.25 mol/mol', '1.3 mol/mol', '0.8 g/l', '1.7 mol/mol', '1.6 mol/mol', '0.06 mol/mol for control SBS550MG (pHL413, pDHK29)', '6 g/l for control SBS550MG (pHL413, pDHK29)', '0.08 mol/mol for strain SBS550MG (pHL413, pHL531)', 'about 0.5 mol/mol']",['LB'],['glucose'],['7.0'],['37°C'],"['anaerobic', 'fully anaerobic']","['anaerobic, repeated feeding', 'anaerobic, shake flask']","['ADH', 'B. subtilis citrate synthase', 'ICLR', 'LDH', 'PEPC', 'PFL', 'PYC', 'aceBAK', 'ack', 'ack-pta', 'adhE', 'arcA', 'citZ', 'citrate synthase', 'iclR', 'ldhA', 'pta', 'pyc']"
10.1016.j.ymben.2007.12.001,"['L-tyrosine', 'L-tyrosine (L-tyrosine)']","['700 mg/l', '360 mg/g', '9.7 g/l', '270 mg/g']",['MOPS-buffered minimal'],['glucose'],[''],['37°C'],[''],"['40 ml cultures in 250 ml Erlenmeyer flasks, batch culture', 'shaken flasks']","['aroA', 'aroB', 'aroC', 'aroD', 'aroE', 'aroG', 'aroK', 'aroL', 'ppsA', 'tktA', 'tyrA', 'tyrB', 'ydiB']"
10.1016.j.ymben.2008.08.001,"['1-butanol', '1-butanol (1-butanol)', '1-propanol', '1-propanol (1-propanol)', 'ethanol', 'ethanol (ethanol)', 'isobutanol', 'isobutanol (isobutanol)']","['0.25 g/L', '1.2 g/L', '1 g/L', '30 mg/L', '60 mg/L', '0.1 g/L', '2 g/L', '1:1 co-production of 1-propanol and 1-butanol with minor accumulation of ethanol and insignificant levels of isobutanol and the methyl-butanols (o50 mg/L)', '<50 mg/L']",['M9'],['glucose'],[''],"['37°C (initially), 30°C (after induction)']",['aerobic (rotary shaker)'],['conical flask'],"['ADH2', 'AHAS I', 'AHAS III', 'BC', 'DadhE', 'DilvB', 'DilvI', 'DmetA', 'Dtdh', 'IlvA', 'Kivd', 'LeuA', 'LeuABCD', 'ThrA', 'ThrA fbr BC', 'adhE', 'fbr', 'ilvA', 'ilvB', 'ilvI', 'kivd', 'lacI', 'leuA', 'leuA fbr', 'leuABCD', 'metA', 'tdc', 'tdcB', 'tdh', 'thrA', 'thrA fbr', 'thrABC']"
10.1016.j.ymben.2009.07.003,"['(+)-catechin', '(+)-catechin ((+)-catechin)', 'leucocyanidin', 'leucocyanidin (leucocyanidin)']","['513 mg/L', '756 mg/L', '38.8 mg/L', '779 mg/L', '41.4 mg/L', '817 mg/L']",['modified M9'],['D-glucose'],['6.8'],['30 °C'],['aerobic'],"['250 mL flasks, horizontal shaking']","['DFR', 'DaceA', 'DaceE', 'DaceF', 'DldA', 'Dpgi', 'DpldA', 'DpldB', 'Dppc', 'LAR', 'aceE', 'aceEF', 'aceF', 'fadE', 'gcd', 'gdhA', 'glcDF', 'hycB', 'lpd', 'pgi', 'pgiDpldA', 'pgk', 'pldA', 'pldB', 'ppc', 'sdhA', 'sdhABCD']"
10.1016.j.ymben.2009.07.005,"['DHA', 'DHA (Dihydroxyacetone)']","['100 mg/l', '200 mg/l', '700 mg/l', '2 mol (mol glucose)⁻¹', '10-fold higher than the wild-type level', 'more than 30-fold increase compared to the wild-type level', '60 times the wildtype level']",['Verduyn (Trp-)'],['glucose'],['6.0'],['30°C'],"['aerobic', 'aerobic with osmotic stress (0.7 M NaCl)']",['250 ml baffle shake flasks'],"['ARA1', 'DAK1', 'DAK2', 'GCY1', 'GRE3', 'TPI1', 'YPR1', 'gdh', 'gldA']"
10.1016.j.ymben.2009.11.002,"['diapolycopendioic acid', 'diapolycopendioic acid (diapolycopendioic acid)']","['0.0470 mg-carotenoid/g-glucose', '0.1770 mg-carotenoid/g-glucose']",['M9 medium'],['Glucose'],['6.9'],['30°C'],['Aerobic'],['Batch bioreactor'],"['CRT028', 'DadhE', 'DfrdA', 'DldhA', 'DmaeB', 'DpoxB', 'Dpta', 'DpykF', 'Dzwf', 'adhE', 'crtM', 'crtN', 'crtOx', 'frdA', 'ldhA', 'maeB', 'pACMNOx', 'poxB', 'pta', 'pykF', 'zwf']"
10.1016.j.ymben.2010.02.003,"['b-hydroxymyristic acid', 'b-hydroxymyristic acid (b-hydroxymyristic acid)', 'fatty acids', 'fatty acids (fatty acids)']","['2.5 g/L/day', '1.1 g/L/day', '4.5 g/L/day']",['LB'],[''],[''],['30°C'],[''],"['Fed-batch fermentation', 'Shake-flask']","['ACC', 'ACP', 'AccA3', 'AccD6', 'AccE5', 'PTDH', 'TE', 'TesA', 'accA2', 'accB', 'accE', 'ackA-pta', 'acpP', 'adhE', 'apo-ACP', 'birA', 'fadD', 'holo-ACP', 'phosphite dehydrogenase', 'plant TE', 'sfp']"
10.1016.j.ymben.2011.01.004,"['hydrogen', 'hydrogen (hydrogen)']","['210 nmol H2 min - 1 mg - 1', '8.4 mmol H2 per litre of culture', '37 nmol H2 per minute per mg of total protein at 55 1C']","['BG-11 media', 'semi defined medium']","['', 'glucose']",[''],"['25 1C', '37 1C']",['anaerobic'],"['100 mL in shaker incubator', '250 mL Duran type bottles']","['DhoxW', 'DhyaB', 'DhybC', 'DhycE', 'DhyfG', 'DhypA1', 'DhypB1', 'DhypC', 'DhypD', 'DhypE', 'DhypF', 'DpflB', 'HoxH', 'HoxW', 'HoxY', 'HypA1', 'HypAB', 'HypCDEF', 'PFL', 'hoxE', 'hoxEFUYH', 'hoxEFUYHW', 'hoxF', 'hoxH', 'hoxU', 'hoxW', 'hoxY', 'hyaB', 'hybC', 'hycE', 'hyfG', 'hypA1', 'hypB1', 'hypC', 'hypD', 'hypE', 'hypF', 'pSynHox']"
10.1016.j.ymben.2011.04.005,"['p-coumaric acid', 'p-coumaric acid (p-coumaric acid)', 'resveratrol', 'resveratrol (resveratrol)', 'trans-resveratrol', 'trans-resveratrol (trans-resveratrol)']","['2.3 mg/L', '3.1 mg/L', '0.68 mg/L', '3.44 mg/L', '1.78 mg/L', '1.27 mg/L', '1.90 mg/L', '3.0 mg/L', '1.06 mg/L']","['Fresh grape juice', 'Grape juice', 'SD dropout liquid', 'Sucrose medium', 'Yeast medium']","['', 'Sucrose', 'Tyrosine']",[''],"['', '30°C', 'Room temp (~22-25°C)']",[''],"['5-gallon bucket, batch', 'Flask, batch culture']","['4CL', '4CL::STS', 'STS', 'TAL', 'TAL-made', 'TAL-mutant', 'araE', 'ccdB']"
10.1016.j.ymben.2011.05.003,"['5-Aminolevulinic acid', '5-Aminolevulinic acid (5-Aminolevulinic acid)']","['4.13 g/L', '0.168 g/g', '404.62 mg/L', '2052 mg/L', '176 mg/L']",['modified minimal medium'],['glucose'],['6.0'],['37°C'],['monitored'],"['300 mL Erlenmeyer flask, batch', '5 L fermentor, batch']","['DDppA', 'DDppADMppA', 'DMppA', 'HemA', 'dppA', 'gapA', 'gltX', 'hemA', 'hemA M', 'hemB', 'hemL', 'mppA', 'rhtA', 'udhA', 'yeaS']"
10.1016.j.ymben.2011.06.005,"['L-phenylalanine', 'L-phenylalanine (L-phenylalanine)', 'styrene', 'styrene (styrene)']","['0.052-0.074 g/g', '250 mg/L', '0.051-0.072 g/g', '15.2 mg', '700-1000 mg/L', '260 mg/L', '13.4 mg', '376 mg/L', '210 mg/L', '500 mg/L', '18.9 mg', '183 mg/L', '13.6 mg', '29 mg/L', '188 mg/L']",['MM1'],"['Glucose', 'L-phenylalanine']","['', '7']",[''],"['', '-', 'Aerobic']","['Resting Cells', 'Sealed Jars', 'Shake Flasks']","['CADC', 'EncP', 'FDC1', 'PAD1', 'PADC', 'PAL', 'PAL1', 'PAL2', 'amorphadiene oxidase', 'csrA', 'padC', 'pdc', 'tktA', 'ubix']"
10.1016.j.ymben.2011.08.001,"['FOH', 'FOH (FOH)', 'a-farnesene', 'a-farnesene (a-farnesene)', 'mevalonate']","['57.6 mg/L', '17 mg/L', '17.8 mg/L', '0.9 mg/L', '86.8 mg/L', '28.7 mg/g', '153.6 mg/L', '23.8 mM', '380.0 mg/L', '103.6 mg/g', '18.4 mg/g']",['2YT'],"['', 'Mevalonate']",[''],['29°C'],[''],[''],"['DXS', 'IDI', 'MdAFS1', 'a-farnesene synthase', 'aFS', 'ispA', 'ispALaFS-SN', 'ispANaFS-SN', 'wFS']"
10.1016.j.ymben.2012.11.009,"['(2S)-pinocembrin', '(2S)-pinocembrin ((2S)-pinocembrin)']","['1.22 mg/L', '0.71 mg/L', '0.63 mg/L', '10.51 mg/L', '3.12 mg/L', '40.02 mg/L', '5.62 mg/L']",['MOPS'],['Glucose'],['Not specified'],['30 °C'],['Not specified'],['Batch'],"['4CL', 'CHI', 'CHS', 'PAL', 'aroF', 'aroG', 'aroH', 'fbr', 'matB', 'matC', 'pheA']"
10.1016.j.ymben.2013.01.008,"['1-propanol', '1-propanol (1-propanol)', 'acetate', 'acetate (acetate)', 'lactate', 'lactate (lactate)']","['8 g/L', '43 g/L', '3 g/L', '1.5 to 2 g/L', '1 g/L', 'less than 1 g/L', '7.5 g/L', '2 g/L', '0.15 g/g', '4.5 g/L', '0.09 to 0.11 g/g', '2.5 g/L', '0.15 g/g of glucose']","['', 'LB/M9', 'M9']","['', 'Glucose']","['', '7', 'N/A']","['', '30°C', '37°C/30°C']","['', 'Micro-aerobic']","['', 'Flasks, screwed cap']","['ADH2', 'AdhE', 'BC', 'Frd', 'Kivd', 'LdhA', 'LeuABCD', 'PoxB', 'Pta', 'YqhD', 'adhE', 'arcA', 'avtA', 'cimA2D', 'citramalate pathway', 'fbr', 'frdA', 'gltA', 'iclR', 'ilvA', 'kivd', 'ldhA', 'leuA', 'leuABCD', 'leuBCD', 'poxB', 'pta', 'tdc', 'tdcE', 'thrA', 'thrA fbr BC', 'thrB', 'threonine pathway', 'yqhD']"
10.1016.j.ymben.2013.05.004,"['limonene', 'limonene (limonene)', 'perillyl alcohol', 'perillyl alcohol (perillyl alcohol)']","['1 mg/L', '34 mg/L', '435 mg/L', '30 mg/L', '187 mg/L', '70 mg/L', '335 mg/L', '2 mg/L', '40 mg/L']",['EZ-Rich defined medium'],['glucose'],[''],['30°C'],[''],['rotary shakers'],"['CAT', 'GPPS', 'HMGR', 'HMGS', 'LS', 'MBI', 'MK', 'MTSA', 'P450', 'PMD', 'PMK', 'ahpGHI', 'atoB', 'idi', 'lacI', 'lacI q', 'limonene synthase']"
10.1016.j.ymben.2014.02.009,"['MA', 'MA (cis,cis-Muconic acid)', 'SA', 'SA (salicylic acid)', 'acetate', 'acetate (acetate)']","['158.5 mg/L', '1.5 g/l', '1425.71 mg/L', '1179.92 mg/L', '177.95 mg/L', '2.5 g/l', '207.20 mg/L', '813.97 mg/L', '2313.0 mg/L', '621.05 mg/L', '1453.64 mg/L', '938.4 mg/L', '778.16 mg/L']",['M9Y'],"['glucose, glycerol']",[''],['37°C'],"['', 'high']","['Fed-batch, continuous SA feed (3mM/h)', 'Static batch']","['APTA', 'CDO', 'EP', 'EntC', 'ICS', 'IPL', 'PchB', 'SMO', 'aroG', 'aroG fbr', 'aroL', 'catA', 'entC', 'nahG', 'nahG opt', 'paantABC', 'pchB', 'pfantABC', 'pheA', 'ppbenABCD', 'ppsA', 'tktA', 'trpD', 'tyrA']"
10.1016.j.ymben.2014.05.004,"['mcl-PHA copolymers', 'mcl-PHA copolymers (medium-chain-length polyhydroxyalkanoates copolymers)', 'polyhydroxybutyrate (PHB)', 'polyhydroxybutyrate (PHB) (polyhydroxybutyrate)', 'scl-mcl PHA', 'scl-mcl PHA (short-chain-length and medium-chain-length polyhydroxyalkanoates)']","['4.01 wt%', '3.20 wt%', '6.28 g/l', '6.28 wt%', '12.10 wt%', '7.38 wt%', '6.62 g/l', '0.50 wt%', '0.23 wt%', '1.25 wt%', '2.04 wt%', '6.62 wt%', '5.07 g/l', '437 mg/l', '5.07 wt%', '11.20 wt%']",['Fermentation medium'],['Glucose'],[''],['30°C'],['Shaking at 250 rpm'],['Shake flask'],"['fadA', 'fadB', 'fadBA', 'phaC', 'phaC2', 'phaC2 Pa', 'phaC2 Ps', 'phaJ1', 'phaJ1 Pa', 'phbA', 'phbB', 'phbC', 'ptsG', 'ter', 'tesA', 'tesB', 'yciA', 'ydiO', 'yqeF']"
10.1016.j.ymben.2014.09.002,"['anteiso-branched fatty acids', 'anteiso-branched fatty acids (anteiso-branched fatty acids)', 'free fatty acids', 'free fatty acids (free fatty acids)', 'straight-chain fatty acids', 'straight-chain fatty acids (straight-chain fatty acids)']","['1634 mg/L', '1532 mg/L', '1922 mg/L']",['EZ-rich'],['Glucose'],['Not specified'],"['37°C (initially), then 30°C']",['Not specified'],['Not specified'],"['Bkd', 'FabA', 'FabB', 'IlvA', 'IlvCD', 'IlvGM', 'MetA', 'Tdh', 'ThrABC', 'bFabH', 'bFabH2', 'bfabH1', 'bfabH2', 'bkd', 'bkd operon', 'fadE', 'fadR', 'gfp', 'ilvA', 'ilvB', 'ilvC', 'ilvCD', 'ilvGM', 'ilvGMCD', 'ilvGMCDA', 'ilvI', 'ilvN', 'ilvY', 'metA', 'tdh', 'tesA', 'thrABC', 'thrL']"
10.1016.j.ymben.2014.11.007,"['beta-carotene', 'beta-carotene (beta-carotene)', 'carotenoids', 'carotenoids (carotenoids)', 'other carotenes', 'squalene', 'squalene (squalene)']","['1156 mg/L', '1156 mg/l', '2.54 mg/g DCW', '9.64 mg/g DCW', '10.03 mg/g DCW in YPDG', '20.79 mg/g DCW', '22.43 mg/g DCW', '10.1 mg/g DCW', '2.25 mg/g DCW', '11.93 mg/g DCW', '7.25 mg/g DCW', '18.75 mg/g DCW', '14.4 mg/g DCW', '2.5 mg/g DCW', '19.71 mg/g DCW', '2.56 mg/g DCW']","['', 'YPD', 'YPDG']","['', 'glucose', 'glucose/glycerol', 'glycerol']",[''],"['', '30°C']",[''],"['', '250 ml flasks, shaking', 'Shake Flask']","['ACT1', 'CYC1', 'CrtE', 'CrtI', 'CrtYB', 'ERG9', 'GAL1', 'GAL10', 'GAL80', 'HIS3', 'HMG1', 'HXT1', 'LEU2', 'MET15', 'P BTS1', 'P ERG9', 'P HXT1', 'YPRCtau3', 'dpp1', 'gal80', 'ho', 'tHMG1']"
10.1016.j.ymben.2014.11.011,"['bisabolene', 'bisabolene (bisabolene)', 'limonene', 'limonene (limonene)']","['605 mg/L', '435 mg/L', '1150 mg/L', '435718 mg/L', '550 mg/L', '435723 mg/L']",['EZ-Rich defined'],['glucose'],[''],['30°C'],['200 rpm'],['rotary shakers'],"['AgBIS', 'AtoB', 'DMAPP synthase', 'GPP synthase', 'HMGR', 'HMGS', 'IPP synthase', 'IspA', 'LS', 'LacI', 'MK', 'PC2', 'PMD', 'PMK', 'hydroxymethylglutaryl-CoA reductase', 'hydroxymethylglutaryl-CoA synthase', 'idi', 'ispA', 'limonene synthase', 'mevalonate kinase', 'mevalonate-5-pyrophosphate decarboxylase', 'phosphomevalonate kinase', 'tr-GPPS(co)']"
10.1016.j.ymben.2014.12.002,"['(þ)-afzelechin', '(þ)-afzelechin ((þ)-afzelechin)', '(þ)-catechin', '(þ)-catechin ((þ)-catechin)', 'dihydrokaempferol (DHK)', 'dihydroquercetin (DHQ)', 'luteoforol', 'luteoforol (luteoforol)']","['129.478.5 mg/L', '16.8 mg/L', '663.1753.4 mg/L', '60.6712.9 mg/L', '39.570.9 mg/L', '374.6743.6 mg/L', '270.719.0 mg/L', '3.071.6 mg/L', '65.170.9 mg/L', '342.175.2 mg/L', '467.7764.1 mg/L', '68.6715.0 mg/L', '42.67 1.3 mg/L', '130.872.0 mg/L', '33.178.6 mg/L', '65.171.2 mg/L', '22.3 mg/L', '145.0 mg/L/OD', '41.972.3 mg/L', '760.9784.3 mg/L', '42.676.7 mg/L', '285.376.4 mg/L', '386.0716.3 mg/L', '560.5741.0 mg/L', '646.5731.0 mg/L', '638.0777.6 mg/L', '548.2738.5 mg/L', '709.8747.3 mg/L', '910.9761.3 mg/L', '41.870.6 mg/L', '598.2761.9 mg/L', '40.972.7 mg/L', '38.971.6 mg/L', '53.6 mg/L', '234.470.9 mg/L']","['1X-M9', 'M9']","['D-glucose', 'DHQ', 'Eriodictyol', 'Naringenin']","['', '7.0']","['30 °C', '30°C']","['', 'Aerobic', 'Higher', 'Increased']","['Flask', 'Flask shake culture', 'Flask, batch', 'Shake culture']","['AaDFR', 'AaDFR syn', 'CsDFR', 'CsDFR syn', 'CsF3H', 'CsF3H syn', 'CsLAR', 'CsLAR syn', 'DFR', 'DFR syn', 'DuLAR', 'DuLAR syn', 'F3H', 'F3H syn', 'FaDFR', 'FaDFR syn', 'LAR', 'LAR syn', 'MdF3H', 'MdF3H syn', 'PcF3H', 'PcF3H syn', 'pgi', 'ppc', 'ppg']"
10.1016.j.ymben.2015.04.003,"['fatty alcohols', 'fatty alcohols (fatty alcohols)', 'methyl ketones', 'methyl ketones (methyl ketones)']","['0.126 g F-OH/g glucose', 'more than 3.5 g/L', '3.787 g/L', '0.1740 g/L', '0.127 g F-OH/g glucose', '0.0278 g/L', '3.827 g/L']",['LB/M9'],['glucose'],[''],"['30°C', '37°C']",[''],['shake flask'],"[""'TesA"", 'FAS', 'FAS1A', 'FAS1B', 'FadB', 'FadD', 'FadM', 'MK', 'Maqu2220', 'Mlut_11700', 'RFP', 'TesA', 'acpS', 'araD', 'cgFAS1A', 'fadB', 'fadD', 'fadE', 'fadM', 'fas-IA', 'fas-IB', 'fasI', 'mlut_11700', 'tesA']"
10.1016.j.ymben.2015.04.009,"['lycopene', 'lycopene (lycopene)', 'squalene', 'squalene (squalene)']","['24.41 mg/g DCW', '17.46 mg/g DCW', '2.53 mg/g DCW', '10.23 mg/g DCW', '9.67 mg/g DCW', '4.47 mg/g DCW', '159.56 mg/L', '1.61 g/L', '1 mg/g DCW', '25.66 mg/g DCW', '22.03 mg/g DCW', '1.43 g/L', '7.17 mg/g DCW', '23.23 mg/g DCW']",['YPD'],"['glucose', 'glucose and glycerol']",[''],[''],[''],"['Bioreactor, fed-batch', 'Shake flask']","['ADH1', 'CrtB', 'CrtE', 'CrtE03M', 'CrtI', 'CrtYB', 'CrtYB01M', 'CrtYB11M', 'ERG9', 'GAL80', 'GGPPS', 'HIS3', 'HMG1', 'LPP1', 'MET15', 'PSY1', 'PSY2', 'TPS1', 'URA3', 't422CrtYB', 't521CrtYB', 'tHMG1']"
10.1016.S1096-7176(03)00046-6,"['BH4', 'BH4 (Tetrahydrobiopterin)', 'BP', 'BP (biopterin)']","['429 mg/l', '4.0 g/L', '2.4 g/l', '4.0 g/l', '718 mg/l', '23 mg/l', '2.4 g/L']","['Luria-Bertani', 'NUCA']",['glycerol'],[''],['37°C'],['Controlled automatically'],"['3L fermentor', 'Tube culture']","['GCHI', 'PTPS', 'SPR', 'folE', 'gmk', 'guaA', 'guaB', 'guaBA', 'mtrA']"
10.1007.s002840010255,"['phenylalanine', 'phenylalanine (phenylalanine)', 'protein', 'protein (protein)']","['970 g/l', '974 g/ml', '0.39 mol phenylalanine/mol of glucose', '974 g/l', '970 g/ml', '954 g/l', '954 g/ml', '1024 g/ml', '1024 g/l']",['MOPS'],['glucose'],[''],['37°C'],[''],['Batch culture'],"['ADPglucose pyrophosphorylase', 'CsrA', 'CsrB RNA', 'DAHP synthase', 'PEP carboxykinase', 'PEP synthetase', 'TktA', 'aroF', 'aroG', 'chorismate mutase', 'csrA', 'glgA', 'glgC', 'glycogen synthase', 'malT', 'pheA', 'pheO', 'tktA']"
10.1002.jctb.4293,"['(3R)-AC', '(3R)-AC ((3R)-acetoin)']","['34.4 g L −1', '13.3 g L −1', '38.3 g L −1', '40.3 g L −1', '24.89 g L −1', '9.8 g L −1', '60.3 g L −1', '37.5 g L −1', '23.4 g L −1']","['Initial fermentation medium', 'Optimized medium']",['Glucose'],"['6.0', '7.0']","['35°C', '37°C']","['200 rpm', '300 rpm', '400 rpm', '500 rpm']","['250 mL shake flask', '5 L bioreactor, batch mode', '5 L bioreactor, fed-batch mode']",[]
10.1016.j.ymben.2007.12.002,"['acetate', 'acetate (acetate)', 'ethanol', 'glycerol', 'pyruvate', 'xylitol']","['Table 5: Xylitol yield (Cmmol/Cmmol)', '1.9 Cmmol/Cmmol', '0.023 g/g', '0.012 g/g', '0.32 CmmolgDCW−1h−1', '0.021 g/g', '0.008 Cmmol/Cmmol', '0.011 Cmmol/Cmmol', '0.028 g/g', '0.18 CmmolgDCW−1h−1', 'Table 4: Specific xylitol production rate (CmmolgDCW−1h−1)', '0.018 g/g', '0.0105 Cmmol/Cmmol', '0.015 Cmmol/Cmmol', '0.017 g/g']",['glucose'],['glucose'],['5.0'],['30°C'],['aerobic'],['Baffled 5-L bioreactors'],"['PHO13', 'XYL1', 'XYL2', 'XYL3']"
10.1016.j.ymben.2011.09.005,"['biomass', 'biomass (biomass)', 'ethanol', 'ethanol (ethanol)']","['6±2% lower yield compared to SUC2 reference strain', '0.38 g ethanol/g sucroseH2O', '0.094 g biomass/g sucroseH2O', '0.40 g ethanol/g glucose', '30% lower yield compared to CEN.PK113-7D', '0.09 g biomass/g glucose']",['synthetic medium'],"['glucose', 'sucrose']",['5.0'],['30°C'],['<10 ppm O2'],"['2l laboratory bioreactors (anaerobic chemostat)', '2l laboratory bioreactors (anaerobic glucose-limited chemostat)']","['AGT1', 'MALx3', 'SUC2', 'URA3', 'iSUC2']"
10.1016.j.ymben.2012.09.003,"['cell mass', 'cell mass (cell mass)', 'xylitol', 'xylitol (xylitol)']","['30 g/L', '93 g/L', '57 g/L', '5.6 g/L', '8.6 g/L', '13 g/L', '19 g/L', '1.00 g/g', '42 g/L', '0.98 g/g', '39 g/L', '4.4 g/L']",['YP'],"['Cellobiose and xylose', 'Glucose and xylose']","['', '6.0']",['30°C'],[''],"['Bioreactor', 'Flask']","['ALD6', 'IDP2', 'SsXYL1', 'SsZWF1', 'XR', 'XYL1', 'cdt-1', 'gh1-1']"
10.1016.j.ymben.2013.04.001,"['bassianolide', 'bassianolide (bassianolide)', 'beauvericin', 'beauvericin (beauvericin)', 'beauvericin A']","['0.797 g/l', '18.2 mg/l', '29.7 mg/l', '47.5 mg/l', '42.3 mg/l', '797 mg/l', '61.7 mg/l', '22.3 mg/l', '36.1 mg/l', '38.5 mg/l', '69.3 mg/l', '74.1 mg/l', '33.8 mg/l']","['PDB', 'SC-Ura']","['', 'Glucose']",[''],['30°C'],[''],"['', '250-ml flask', 'with supplementary 0.8mM D-Hiv/L-Phe', 'with supplementary 10mM L-Val', 'with supplementary 2.0mM D-Hiv/L-Phe', 'with supplementary 30mM L-Val', 'with supplementary 3mM L-Val']","['bbBEAS', 'bbBeas', 'bbBsls', 'bbkivr', 'fvBeas', 'kivr']"
10.1002.bit.24547,"['miltiradiene', 'miltiradiene (miltiradiene)', 'squalene', 'squalene (squalene)']","['6.3 mg/L', '43.2 mg/L', '61.8 mg/L', '446 mg/L', '25.7 mg/L', '78 mg/L', '4.4 mg/g', '41.6 mg/L', '6.6 mg/L', '5.6 mg/L', '28.2 mg/L', '7.2 mg/L', '43.6 mg/L', '4.5 mg/L', '852 mg/L', '4.2 mg/L', '0.7 mg/g', '488 mg/L', '71 mg/L', '11.3 mg/g', '8.8 mg/L']","['SD', 'YPD']","['', 'Glucose', 'glucose']","['', '5.5']",['30°C'],"['250 rpm', '600 rpm, 5 L/min']","['5 L fermentor (fed-batch)', '5 L fermentor, fed-batch', 'Flask', 'Unbaffled flask']","['BTS1', 'ERG20', 'ERG20-BTS1', 'ERG20-BTS1-SaGGPS', 'HIS3', 'HphNT1', 'KanMX', 'LEU2', 'SaGGPS', 'SmCPS', 'SmKSL', 'tHMGR', 'tHMGR-upc2.1', 'upc2.1']"
10.1002.bit.24888,"['PHB', 'PHB (polyhydroxybutyrate)', 'ethanol', 'ethanol (ethanol)', 'glycerol', 'glycerol (glycerol)']","['0.35 g/g glc', '0.02 ± 0.01 g/g glc', '2-fold higher in gapN integration strains compared to non-integration strains', '56.4 mg/g EtOH', '14.50 ± 2.9 mg/g EtOH', '14.50 mg/g EtOH', '45% reduction', '12.5 mg/g EtOH', '0.27 ± 0.01 g/g glc']","['YPD', 'modified minimal']","['ethanol', 'glucose']",['6.5'],['30°C'],"['aerobic', 'anaerobic']",['shake flask'],"['ADH2', 'ALD6', 'Acs', 'ERG10', 'HIS3', 'URA3', 'ack', 'acs L641P', 'ethanol degradation pathway', 'gapN', 'his3D1', 'neo r', 'phaA', 'phaB', 'phaC', 'phosphoketolase pathway', 'xpkA']"
10.1002.bit.24993,"['2-PE', '2-PE (2-Phenylethanol)']","['682.8 mg/L', '449.5 mg/L', '4.8 g/L', '0.65 mol/mol', '6.1 g/L', '619.6 mg/L', '3.2 g/L', '514.2 mg/L', '4.1 g/L', '198.9 mg/L', '173.8 mg/L', '350.0 mg/L']","['Minimal medium', 'Production medium', 'Production medium + PPG 1200', 'SC medium', 'SC-Leu-Trp-Ura', 'SC-Leu-Ura']",['L-Phe'],[''],['30°C'],"['Aerobic', 'Anaerobic']","['', 'Single-phase anaerobic culture', 'Single-phase culture', 'Two-phase aerobic culture', 'Two-phase anaerobic culture', 'Two-step culture method']","['ALD2', 'ALD3', 'ARO10', 'ARO80', 'ARO9', 'ENO1']"
10.1002.bit.25356,"['cetyl alcohol', 'cetyl alcohol (cetyl alcohol)', 'myristic acid', 'myristic acid (myristic acid)', 'myristyl alcohol', 'myristyl alcohol (myristyl alcohol)', 'oleic acid', 'oleic acid (oleic acid)', 'palmitic acid', 'palmitic acid (palmitic acid)', 'palmitoleic acid', 'palmitoleyl alcohol', 'palmitoleyl alcohol (palmitoleyl alcohol)', 'stearic acid', 'steary alcohol', 'steary alcohol (stearyl alcohol)']","['14.8 mg/L', '9.3 mg/L', '0.5 mg/l', '0.2 mg/L', '8.0 mg/L', '0.9 mg/L', '1.5 mg/L', '1.3 mg/L', '15.0 mg/L', '14 mg/L', '13.5 mg/L', '1.5 mg/l', '5.1 mg/L', '38 mg/L', '84 mg/L', '71 mg/L', '3.4 mg/L', '12.6 mg/L', '45 mg/L', '73 mg/L']","['YPD', 'minimal selective medium with his+', 'minimal selective medium with ura+']","['', 'Dextrose', 'Galactose', 'Raffinose and galactose']",[''],['30°C'],"['', '250 rpm']","['Cultivated culture', 'Cultured']","['Ddga1', 'Dga1', 'FAR', 'dga1']"
10.1186.1475-2859-11-117,"['farnesol', 'α-santalene', 'α-santalene (α-santalene)']","['0.0356 g/g', '0.0052 Cmmol (Cmmol glucose)-1', '1.486 g/l', '0.086 mg/g biomass', '1.097 g/l', '0.0069 Cmmol (Cmmol glucose)-1', '0.0013 Cmmol (Cmmol glucose)-1']",['Mineral salts medium'],['Glucose'],['5.0'],['30°C'],['Above 30% saturation'],"['Chemostat, double-phase']","['ERG20', 'ERG9', 'GDH1', 'GDH2', 'HXT1', 'SanSyn', 'SanSyn opt', 'UPC2', 'URA3', 'dpp1', 'gdh1', 'lpp1', 'tHMG1', 'upc2-1']"
10.1186.1475-2859-9-84,"['protocatechuic acid', 'protocatechuic aldehyde', 'vanillin', 'vanillin (vanillin)', 'vanillin β-D-glucoside', 'vanillin β-D-glucoside (vanillin β-D-glucoside)']","['0.25 g/l', '1.7 mg/gglc', '0.0153 g/g', '0.5 g/l', '<7 mg/l', '2.1 mg/gglc', '1.9 mgPAC/gglc', '3.9 mgPAC/gglc', '0.1 g/l', '1.5 mg/gglc', '0.015 g/g', '0.0098 g/g', '0.032 g/g']",['minimal medium'],['glucose'],['5'],['30°C'],['aerobic'],"['continuous chemostat, dilution rate 0.015 h-1', 'continuous chemostat, dilution rate 0.1 h-1', 'well-controlled bioreactor, batch']","['ACAR', 'EntD', 'GDH1', 'GDH2', 'GLN1', 'GLT1', 'HIS3', 'PDC1', 'PDC2', 'PDC3', 'PDC4', 'PDC5', 'PDC6', 'UGT72E2', 'gdh1', 'pdc1']"
10.1186.s12934-015-0252-2,"['tyrosine', 'tyrosine (tyrosine)']","['520 µmol/g DCW = 0.520 g/l', '395 µmol/g DCW = 0.395 g/l']",['YNB'],['glucose'],[''],['30 °C'],[''],['250-mL shake-flask'],"['ALD6', 'ARO1', 'ARO10', 'ARO3', 'ARO4', 'ARO4 FBR', 'ARO7', 'ARO7 FBR', 'CDC19', 'DAHP', 'DAK1', 'DAK2', 'FBR', 'IDP2', 'MDH1', 'MTM1', 'PDC1', 'PDC5', 'PDC6', 'PYC1', 'PYC2', 'Pad1', 'SER3', 'SHB17', 'TAL', 'TYR1', 'TYRC', 'ZWF1']"
10.1186.s13068-015-0281-4,"['n-butanol', 'n-butanol (n-butanol)']","['250-300 mg/L', '150 mg/L', '2.5 mg/L', '40 mg/L', '<10 mg/L']",['YPD'],['glucose'],[''],['30 °C'],"['', 'semi-anaerobic']","['5 ml culture', 'semi-anaerobic 50 ml']","['ACS2', 'ADH', 'ADH1', 'ADH2', 'ALD6', 'Adhe2', 'AtoB', 'Bcd', 'Cct', 'Crt', 'ERG10', 'GCD1', 'HBD', 'Hbd', 'Ter', 'adh1']"
10.1006.mben.1999.0140,"['biomass', 'biomass (biomass)', 'glycerol', 'glycerol (glycerol)']","['38% reduction comparing TN9 to TN1', '6.0% lower in TN9 compared with TN1', 'slightly higher glycerol yield in TN22 due to surplus NADH formation']",['YPD'],['glucose'],['5.00'],['30°C'],['anaerobic (<5 ppm O2)'],['anaerobic batch cultivation'],"['GDH1', 'GDH2', 'GLN1', 'GLT1', 'URA3']"
10.1016.j.jbiotec.2013.10.017,"['geraniol', 'geraniol (geraniol)']","['6.77 mg/L', '1.57 mg/L', '1.62 mg/L', '0.98 mg/L', '36.04 mg/L', '0.52 mg/L', '0.73 mg/L']",['YNB'],['Glucose'],['N/A'],['30°C'],['Aerobic'],"['250-mL flask with 25 mL of YNB medium (seed)', '500-mL flasks containing 50 mL of fresh YNB medium']","['ERG20', 'ERG20 K197G', 'GES1', 'IDI1', 'MAF1', 'coGES1', 'tHMG1']"
10.1016.j.ymben.2007.03.002,"['biomass', 'biomass (biomass)', 'ethanol', 'ethanol (ethanol)', 'glycerol', 'glycerol (glycerol)']","['0.42 g/g glucose', '0.36 g/g glucose', '0.46 g/g glucose', '0.1 g/g', '2.070.4% of the glucose consumed']",['SD'],['glucose'],['5.0'],['30°C'],['Aerobic'],['Batch reactor'],"['ADH1', 'ADR1', 'ALD2', 'ALD3', 'ALD4', 'ARA1', 'COX3', 'CYT1', 'ETR1', 'FPS1', 'GDH2', 'GIT1', 'GPD1', 'GPD2', 'IDH1', 'INO1', 'JEN1', 'MIP synthase', 'NDE1', 'NDE2', 'NDI1', 'PDC1', 'PDC2', 'PDC5', 'PDH1', 'PHO84', 'SDH2', 'SDH3', 'SLT1', 'TPI1', 'adh1', 'pyruvate decarboxylase', 'tpi1', 'tpi1D']"
10.1016.j.ymben.2007.11.001,"['linalool', 'linalool (linalool)']","['77 mg/l', '26 mg/l']",['Parellada white grape must'],[''],[''],['18°C'],['Aerobic fermentation'],['250 ml glass bottles'],"['GES', 'LIS', 'PGK1', 'TDH3', 'TRP-1', 'URA3']"
10.1016.j.ymben.2008.03.001,"['geranylgeraniol', 'geranylgeraniol (geranylgeraniol)', 'geranylgeranyl diphosphate', 'geranylgeranyl diphosphate (geranylgeranyl diphosphate)', 'taxa-4(5),11(12)-diene', 'taxa-4(5),11(12)-diene (taxa-4(5),11(12)-diene)', 'taxadiene', 'taxadiene (taxadiene)']","['20471 mg/l', '27.473.4 mg/l', '30673 mg/l', '30671 mg/l', '27.67 mg/l', '228715 mg/l', '8.770.85 mg/l', '253.734 mg/l', '32073 mg/l', '12273 mg/l', '33.175.6 mg/l', '283.732 mg/l']",['SC minimal medium'],['glucose'],[''],['28°C'],['aerobic'],['Erlenmeyer flask'],"['HMG-CoA reductase', 'S. acidocaldarius geranylgeranyl diphosphate synthase', 'T. chinensis geranylgeranyl diphosphate synthase', 'T. chinensis taxadiene synthase', 'UPC2', 'UPC2-1 transcription factor', 'UPC2.1', 'geranylgeranyl diphosphate synthase', 'tHMG-CoA reductase', 'tHMG1', 'tHMGR1', 'taxadiene synthase', 'upc2-1']"
10.1038.nbt.2509,"['2-methyl-1-butanol', '2-methyl-1-butanol (2-methyl-1-butanol)', 'isobutanol', 'isobutanol (isobutanol)', 'isopentanol', 'isopentanol (isopentanol)']","['0.157 g/l', '113 mg/l', '0.244 g/l', '0.491 g/l', '11 mg/l', '0.635 g/l', '16 mg/l', '19 mg/l', '0.136 g/l', '8 mg/l', '0.067 g/l', '130 mg/l', '0.486 g/l', '28 mg/l', '65 mg/l', '57 mg/l', '0.279 g/l', '0.384 g/l', '0.028 g/l', '0.151 g/l']","['complete medium', 'minimal', 'minimal medium']",['glucose'],[''],"['30 °C', '30°C']","['semiaerobic', 'shaking at 350 r.p.m.']","['conical tube', 'sterile 50-ml conical tubes, semi-aerobic']","['ADH', 'ADH7', 'ADHs', 'ARO10', 'Ec-fucO', 'EcFucO', 'EcfucO', 'ILV', 'ILV2', 'ILV3', 'ILV5', 'KID1', 'Ll-adhARE1', 'Ll-kivd', 'LlAdhARE1', 'LlKivd', 'LladhARE1', 'Llkivd', 'Sc-adh7', 'Sc-aro10', 'Sc-kid1', 'α-KDC', 'α-KDCs']"
10.1016.j.femsyr.2004.01.003,"['acetate', 'lactate', 'lactate (lactate)', 'succinate', 'succinate (succinate)']","['1 mM', '2.5 mM']",['synthetic medium'],['xylose'],['5.0'],['30 °C'],['severely oxygen-limited'],['anaerobic sequencing batch'],['XylA']
10.1016.j.femsyr.2004.09.010,"['xylitol', 'xylitol (xylitol)']",['< 0.3% of the consumed xylose'],['synthetic medium'],['xylose'],['5.0'],['30 °C'],['anaerobic'],"['fermenters, anaerobic batch cultivation']","['ACT1', 'GRE3', 'PDA1', 'RKI1', 'RPE1', 'RPI1', 'TAL1', 'TKL1', 'TPI1', 'XKS1', 'XylA', 'pentose-phosphate-pathway enzymes', 'ribulose 5-phosphate epimerase (R5PE)', 'ribulose 5-phosphate isomerase (R5PI)', 'transaldolase (TAL)', 'transketolase (TKT)', 'xylose isomerase', 'xylose isomerase (XI)', 'xylulokinase', 'xylulokinase (XKS)']"
10.1016.S1567-1356(03)00157-0,"['piceid', 'piceid (piceid)']",['291 ng/200 ml'],['SCDL'],['p-coumaric acid'],['-'],['30°C'],['-'],"['Flask, batch']","['4CL216', 'CAL1', 'CL216', 'VST1', 'vst1']"
10.1016.j.biortech.2014.12.020,"['ethanol', 'ethanol (ethanol)', 'xylitol', 'xylitol (xylitol)']","['0.32 g/g', '0.33 g/g', '15.74 g/L', '0.45 g/g', '11.61 g/L', 'Xylitol production for all strains were below five grams per liter, MEC1133 producing levels below detection limits', '0.28 g/g', 'The high production of xylitol obtained by MEC1121 strain compared to the MEC1122', '25.5 g/L', '0.34 g/g', 'This indicates that the PE-2 strain background has an intrinsic ability to efficiently ferment xylose. Glucose was consumed within 30–40h for both strains. The MEC1121 strain produced almost twice the amount of ethanol compared to the MEC1134 strain (Fig. 3b)', 'The deletion of GRE3 resulted in faster xylose consumption (comparing strains MEC1121 and MEC1133 in Fig. 3a). Ethanol production was also improved and xylitol yield were lowered to undetectable levels', '0.47 g/g']","['SSF substrate', 'mineral medium (MM)', 'unspecified']","['', 'glucose, xylose']","['', '5']","['', '30°C']","['', 'anaerobic']","['', 'SSCF', 'batch fermentation']","['CYC8', 'GRE3', 'PHD', 'ScTAL1', 'ScXKS1', 'SsXYL1', 'SsXYL2', 'URA3', 'XKS1', 'XYL1', 'XYL2', 'ZWF1', 'hphMX4']"
10.1016.j.ymben.2011.05.001,"['amorphadiene', 'amorphadiene (amorphadiene)', 'valencene', 'valencene (valencene)']","['20 mg/l', '150 μg/l', '40 μg/l', '370 μg/l', '1.5 mg/l', '38 μg/l']",['YPD'],['glucose'],[''],[''],[''],['batch'],"['ADS', 'AaADS', 'AtFDPS', 'BTS1', 'COX4', 'CUP1', 'CYC1', 'CsTPS', 'CsTPS1', 'DPP1', 'FDPS', 'HMG1', 'HsFDPS', 'LPP1', 'bts1', 'dpp1', 'lpp1', 'mtADS', 'mtCsTPS1', 'mtFDPS', 'tHMG']"
10.1016.j.ymben.2012.07.011,"['ethanol', 'ethanol (ethanol)', 'glycerol', 'glycerol (glycerol)', 'xylitol', 'xylitol (xylitol)']","['0.438 g/g xylose', '0.005 g/g', '0.203±0.006 g/L', '0.42 g/g xylose', '0.04 g/g xylose']","['2×YNBX', 'YNBX']",['xylose'],"['', '5.0']",['30°C'],['anaerobic'],"['batch', 'chemostat']","['ADH1', 'ADH2', 'ALD3', 'FBP1', 'ICL1', 'P. stipitis XYL3', 'PCK1', 'PGK1', 'Piromyces XYLA', 'PsTAL1', 'PsXYL3', 'RKI1', 'RPE1', 'TAL1', 'TKL1', 'URA3', 'XKS1', 'XYL3', 'XYLA', 'arg4', 'leu2']"
10.1016.j.ymben.2013.01.003,"['fatty acids', 'fatty acids (fatty acids)']",['120–150 μg/10^8 cells'],['YNBD-URA medium'],['Glucose'],[''],['30°C'],[''],['Shake flask'],"['acl', 'idh1', 'idh1,2', 'idh2']"
10.1016.j.ymben.2013.10.004,"['dammarenediol-II', 'dammarenediol-II (dammarenediol-II)', 'ergosterol', 'ergosterol (ergosterol)', 'lanosterol', 'lanosterol (lanosterol)', 'protopanaxadiol', 'protopanaxadiol (protopanaxadiol)', 'squalene', 'squalene (squalene)']","['10.94 mg/g DCW', '10.32 - 13.11 mg/g DCW', '2256 mg/L', '776 mg/L', '232 mg/L', '8.40 mg/g DCW', '0.42 mg/g DCW', '0.02 mg/g DCW', '34 mg/L', '10.97 mg/g DCW', '8.20 mg/g DCW', '5.09 mg/g DCW', '4.96 mg/g DCW', '263 mg/L', '812 mg/L', '0.01% wt/wt', '16.68 mg/g DCW', '13.11 mg/g DCW', '0.27 mg/g DCW', '4.21 mg/g DCW', '180 mg/L', '16 mg/L', '1189 mg/L', '0.50 mg/g DCW', '0.51 mg/g DCW', '0.80 mg/g DCW', '0.05 mg/g DCW', '9.98 mg/g DCW', '0.50 - 4.49 mg/g DCW', '4.49 mg/g DCW', '1.05 mg/g DCW', '8.48 mg/g DCW', '221 mg/L', '13.78 mg/g DCW', '304 mg/L']","['', 'Fermenter', 'YPD']","['', 'Glucose', 'glucose']","['', '5.5']","['', '30°C']","['', '5L/min', '5L/minL', 'Controlled']","['', '7.5L fermenter', 'Fed-batch', 'Flask', 'Flask (batch)', 'Flask fermentation', 'Two-phase extractive', 'Two-phase extractive fermentation']","['AtCPR1', 'ERG1', 'ERG11', 'ERG20', 'ERG9', 'GGPP synthase', 'PPDS', 'PgDDS', 'PgPPDS', 'SynPgPPDS', 'URA3', 'tHMG1']"
10.1016.j.ymben.2014.01.002,"['1-butanol', '1-butanol (1-butanol)', 'butyl aldehyde']","['0.44 g/g (0.2% KV)', '42.9 ± 21.4% improvement in adh1Δ strain titer on day two (relative titer)', '56.9 ± 7.3% more than the adh1Δ strain titer (relative titer)', '0.36 g/g', '0.08 g/g 2-KV', '0.64 g/g (theoretical yield)', '106.8 ± 17.9% higher than the adh1Δ strain titer on day two (relative titer)', '52.1 ± 8.5% more than adh1Δ strain titer on day two (relative titer)', '51.2 ± 20.8% higher than adh1Δ strain titer on day two (relative titer)', '32.8 ± 14.5% improvement in adh1Δ strain titer (relative titer)', '73.1 ± 9.2% improvement in adh1Δ strain titer on day two (relative titer)', '0.64 g/g', '0.36 g/g (0.1% KV)', '0.44 g/g', '242.8 ± 21.0 mg/L on day two']","['citric acid/phosphate buffer', 'filtered YPAD media']",['glucose'],['5'],['30°C'],['micro-aerobic'],['micro-aerobic'],"['ADH1', 'ADH2', 'ADH3', 'ADH4', 'ADH5', 'ADH6', 'Aro10p', 'Aro10pI355Y', 'BDHB', 'CHA1', 'ILV1', 'ILV2', 'ILV3', 'ILV6', 'Ilv1p/Cha1p', 'KivD', 'LEU1', 'LEU2', 'LEU4', 'Leu1p', 'Leu2p', 'Leu4p/Leu9p', 'Pdc1p', 'Pdc5p', 'Pdc6p', 'Thi3p', 'adh1', 'cha1', 'hom2', 'hom3', 'hom6', 'ilv1', 'leu1', 'leu4', 'leu9', 'thr1', 'thr4']"
10.1016.j.ymben.2014.01.005,"['3-HP', '3-HP (3-Hydroxypropionic acid)']","['463 mg/l', '92.6 mg/l', '210 mg/l', '122 mg/l', '271 mg/l', '249 mg/l']",['defined minimal'],['glucose'],[''],['30°C'],['aerobic'],['shake flask cultivation with samples'],"['3-hydroxyisobutyrate dehydrogenase', '3-hydroxypropionate dehydrogenase', 'ACC1', 'ADH2', 'ALD6', 'CIT2', 'GAPDH', 'GAPN', 'HIBADH', 'HPDH', 'HXT7', 'HpdH', 'MCRCa', 'MCRSt', 'MLS1', 'McrCa', 'NADP-GAPDH', 'acsSE', 'acsSEL641P', 'gapDH', 'gapN', 'hpdH', 'mcrCa', 'mcrSt', 'mmsB']"
10.1016.j.ymben.2014.05.001,"['ethanol', 'ethanol (ethanol)', 'xylitol', 'xylitol (xylitol)']","['30.4 g/L', '28.1 g/L', '0.48 g/g total sugar', '45.2 g/L', '0.04 g/g xylose', '0.51 g/g total sugar', '0.46 g/g total sugar', '1.9 g/L', '2.83 g/L', '3.2 g/L', '5.6 g/L', '0.47 g/g total sugar', '4.1 g/L', '0.43 g/g total sugar', '1.8 g/L', '38.3 g/L', '25.4 g/L', '1.6 g/L']","['SD', 'SD medium']","['Glucose & xylose', 'glucose+xylose']",[''],['30°C'],"['Low aeration', 'No aeration']","['', 'Bioreactor', 'Flask']","['ACT1', 'ADH1', 'HSP104', 'HSP26', 'HSP70', 'HXT7', 'KGD1', 'PGK1', 'RKI1', 'RPE1', 'TAL1', 'XDH', 'XKS1', 'XR', 'XYL1', 'XYL14m', 'XYL1K270R', 'XYL2']"
10.1016.j.ymben.2014.07.008,"['triacetic acid lactone', 'triacetic acid lactone (triacetic acid lactone)']","['1.3 g/L', '580 mg/L', '2.2 g/L', '58 mg/L', '260 mg/L', '1.0 g/L', '12% (g/g glucose)', '0.81 g/L', '0.91 g/L', '0.13 g/g glucose', 'less than 1% (g/g)', '0.12 g/g glucose']","['YPD', 'selective SDC(A)']",['glucose'],"['', '6.0']",['30°C'],"['', '20% DO']","['batch', 'fed-batch']","['2-PS', '2-pyrone synthase', '6-MSAS', 'ADH1', 'CHS', 'FAS1/FAS2', 'FBP1', 'GPD1', 'GSY1/2', 'HIS3', 'LEU2-d8', 'MET15', 'MLS1', 'NTE1', 'PCK1', 'PEP4', 'PGM1', 'PGM1/2', 'PGM2', 'PRB1', 'PYC1', 'PYC1/2', 'PYC2', 'TAL', 'TRP1', 'URA3', 'YIA6', 'ZWF1', 'chs2', 'g2ps1', 'npgA', 'nte1', 'prb1', 'pyc2', 'yia6']"
10.1016.j.ymben.2014.10.003,"['3HP', '3HP (3-Hydroxypropionic acid)']","['2.14 g/L', '8.51 g/L', '9.2 g/L', '0.83 g/L', '3.66 g/L', '1.75 g/L', '12.2 g/L', '14%C-molC-mol', '1.27 g/L', '13.7 g/L']","['', 'feed-in-time', 'mineral']","['glucose', 'β-alanine']","['', '3.5', '5']","['', '30°C']",[''],"['', '96-deep well plate', 'fed-batch (glucose-limited)']","['AAT2', 'ALT1', 'BAPAT', 'BcBAPAT', 'BcHIBADH', 'BsAAM', 'CaHIBADH', 'EcYDFG', 'GABT', 'GAD1', 'HIBADH', 'HPDH', 'MsHPDH', 'PAND', 'PYC1', 'PYC2', 'PaHIBADH', 'PpHIBADH', 'RUTE', 'StHPDH', 'TcPAND', 'UGA1', 'YDFG', 'YHXA', 'aptA', 'gabT', 'yhxA']"
10.1016.j.ymben.2014.10.008,"['abietadiene', 'abietadiene (abietadiene)', 'cis-abienol', 'cis-abienol (cis-abienol)', 'farnesol (FOH)', 'farnesol (FOH) (farnesol)', 'geranylgeraniol (GGOH)', 'geranylgeraniol (GGOH) (geranylgeraniol)', 'geranyllinalool (GLOH)', 'geranyllinalool (GLOH) (geranyllinalool)', 'nerolidol (NOH)', 'nerolidol (NOH) (nerolidol)', 'sclareol', 'sclareol (sclareol)', 'β-carotene', 'β-carotene (β-carotene)']","['1 mg/L', '6.8 mg/L', '42.7 mg/L', '2.1 mg/L', '1 mg/l', '0.2 mg/L', '15.4 mg/L', '14.2 mg/L', '28 mg/L', '403 mg/L', '506 μg/g', '68.3 mg/L', '166 μg/g', '0.45 mg/L', '12.8 mg/L', '143 mg/L', '15 mg/L', '24.6 mg/L', '261 μg/g DCW', '239 mg/L', '0.04 mg/L', '113 mg/L', '98.5 mg/L', '~15 mg/L in total with NOH but specific FOH amount not determined']","['', 'Selective liquid', 'YEplac195-crtYB/crtI/crtE', 'glucose CM-histidine', 'selective growth', 'unbuffered medium']","['', 'Unknown', 'glucose']","['', '4.0-4.5', '7', 'Acidic (pH 4-4.5)', 'Neutral', 'Neutral pH (7)', 'Unknown']","['', '30°C']","['', 'Unknown']","['', 'Erlenmeyer flask']","['ACS', 'ACS2', 'Bts1p', 'CD-HMG2', 'COD7', 'CcCLS', 'CcGGPPS', 'ERG20', 'ERG20(F96C)', 'ERG9', 'Erg20p', 'Erg20p(F96C)', 'HMG2', 'Hmg2p', 'NtABS', 'PaLAS', 'SsLPPS1', 'SsSCLS', 'crtE', 'crtI', 'crtYB']"
10.1016.j.ymben.2014.12.001,"['(Z)-biformene', '(Z)-biformene ((Z)-biformene)', '18-hydroxy-miltiradiene', '18-hydroxy-miltiradiene (18-hydroxy-miltiradiene)', '19-hydroxy-manool', '19-hydroxy-miltiradiene', '19-hydroxy-miltiradiene (19-hydroxy-miltiradiene)', '3β-hydroxy-manool', '3β-hydroxy-manool (3β-hydroxy-manool)', '3β-hydroxy-manoyl oxide', '3β-hydroxy-manoyl oxide (3β-hydroxy-manoyl oxide)', 'cis-abienol', 'cis-abienol (cis-abienol)', 'manool', 'manool (manool)', 'manoyl oxide', 'manoyl oxide (manoyl oxide)', 'miltiradiene', 'miltiradiene (miltiradiene)', 'sclareol', 'sclareol (sclareol)']","['~4 mg/L', '36 mg/L', '19 mg/L', '87 mg/L', '26 mg/L', '~70 mg/L', '3.9 mg/L', '70 mg/L', '10 mg/L', '3.5-fold improvement', '5 mg/L', '13.8 mg/L', '4.8 mg/L', '96 mg/L']","['Gal/Raff-SD', 'SD']","['2% galactose and 1% raffinose', 'Galactose', 'Glucose']",[''],['30°C'],"['', 'Shaking at 150 rpm']",['Shake flask'],"['BTS1', 'CPR2', 'CYP720B1', 'CcCLS', 'CcGGPPS', 'ERG20-CcGGPPS', 'ERG9', 'HMG2', 'NtABS', 'PaLAS', 'PtAO', 'SSM4', 'ScGS', 'SfCDS', 'SpMilS', 'SpMilS1', 'SsSCLS', 'UBC7']"
10.1016.j.ymben.2015.03.003,"['DM', 'DM (dammarenediol-II)', 'PPD', 'PPD (protopanaxadiol)', 'Rg3', 'Rg3 (ginsenoside Rg3)', 'Rh2', 'Rh2 (Ginsenoside Rh2)']","['2.60 μmol/g DCW', '8.29 μmol/g DCW', '2.49 μmol/g DCW', '3.49 μmol/g DCW', '1.45 μmol/g DCW']",['YPD'],[''],[''],['30°C'],['250 rpm'],['50 mL flasks'],"['ATR1', 'ATR2.1', 'CYP716A47', 'ERG20', 'ERG9', 'PgDDS', 'PgSQE1', 'SrUGT74G1', 'UGTPg1', 'UGTPg29', 'UGTPg45', 'tHMG1']"
10.1016.j.ymben.2015.08.007,"['p-coumaric acid', 'resveratrol', 'resveratrol (resveratrol)']","['4.69 mg/L', '531.41 mg/L', '11.66 mg/L', '235.57 mg/L', '13.71 mg/L', '4.85 mg/L', '415.65 mg/L', '6.39 mg/L', '7.04 mg/L', '4.48 mg/L', '2.73 mg/L', '3.57 mg/L']",['minimal medium'],"['ethanol', 'glucose']","['', '5.0']",['30°C'],[''],"['96-deep well plate, batch', 'bioreactor, batch', 'bioreactor, fed-batch, 40 g/L ethanol', 'bioreactor, fed-batch, 40 g/L glucose']","['ALG9', 'At4CL1', 'At4CL2', 'FjTAL', 'HaTAL', 'ScACC1S659A', 'ScACC1S659A,S1157A', 'ScALD6', 'ScARO4K229L', 'ScARO7G141S', 'ScAcc1pS659A', 'ScAcc1pS659A, S1157A', 'ScAld6', 'ScAro4pK229L', 'ScAro7pG141S', 'SeACSL641P', 'VvVST1']"
10.1007.s00253-014-5895-0,"['itaconic acid', 'itaconic acid (itaconic acid)']","['90 mg/L', '59 mg/L', '126 mg/L', '122 mg/L', '168 mg/L']",['YSC-URA'],['Glucose'],[''],['30 °C'],[''],"['Flask, batch feed', 'Flask, high cell density']","['ACO1', 'ADE3', 'ADI1', 'Ade3p', 'Adi1', 'BNA2', 'BNA3', 'BNA5', 'Bna2p', 'Bna3', 'CAD', 'CIT-50', 'CIT1', 'CIT2', 'FUM1', 'IDP1', 'MDE1', 'MET22', 'MEU1', 'MRI1', 'Mde1', 'Meu1', 'Mri1', 'PXA1', 'PYC1', 'PYC2', 'SCS7', 'SHM1', 'SPE2', 'SPE3', 'SUR1', 'Spe2', 'TES1', 'TPO5', 'Tes1', 'UTR4', 'Utr4', 'YDC1', 'YNK1', 'ade3', 'adi1', 'bna2', 'bna3', 'fat1', 'mde1', 'meu1', 'mri1', 'shm2', 'spe2', 'tes1', 'utr4', 'ynk1']"
